Date,Close,Return,Volatility_20d
2000-02-01,334.05,0.01797958250799958,0.03653712772466157
2000-02-02,340.15,0.018260739410267846,0.033195770535735566
2000-02-03,341.65,0.004409819197412901,0.03259113383192838
2000-02-04,344.15,0.007317430118542356,0.031715730589997757
2000-02-07,343.6,-0.0015981403457793197,0.028402464257370787
2000-02-08,342.4,-0.0034924330616997734,0.02791498126544342
2000-02-09,350.4,0.02336448598130847,0.02267873816605451
2000-02-10,355.75,0.015268264840182733,0.0211207649825936
2000-02-11,363.3,0.02122276879831353,0.020516052008227505
2000-02-14,352.1,-0.030828516377649273,0.02218532550330792
2000-02-15,344.35,-0.02201079238852599,0.02205885744721901
2000-02-16,348.15,0.01103528386815733,0.021919372619212552
2000-02-17,354.55,0.018382880942122704,0.021954919643942958
2000-02-18,349.45,-0.014384430968833795,0.02157456994061899
2000-02-21,345.65,-0.01087423093432538,0.019969940741044044
2000-02-22,334.35,-0.03269202950961947,0.021509865099477336
2000-02-23,329.8,-0.013608494093016343,0.02127190535317639
2000-02-24,336.75,0.021073377804730065,0.019056169733840868
2000-02-25,328.6,-0.024201930215293155,0.01967316897754144
2000-02-28,333.1,0.013694461351186904,0.01870571209161562
2000-02-29,310.85,-0.06679675773041127,0.023600461432714357
2000-03-01,316.8,0.01914106482226141,0.02364361638006397
2000-03-02,291.75,-0.07907196969696972,0.02898130482492152
2000-03-03,268.45,-0.0798628963153385,0.03293008073460845
2000-03-06,253.95,-0.05401378282734215,0.034138041381802924
2000-03-07,242.3,-0.045875172278007414,0.034733443014587986
2000-03-08,232.95,-0.03858852661989276,0.03373442166250055
2000-03-09,231.3,-0.007083065035415226,0.03287607960314424
2000-03-10,216.85,-0.06247297881539138,0.03257531483053309
2000-03-13,203.2,-0.06294673737606649,0.03365409493267346
2000-03-14,219.2,0.07874015748031504,0.041089644104480405
2000-03-15,236.75,0.08006386861313874,0.04650978768016756
2000-03-16,234.85,-0.00802534318901793,0.04578974820385088
2000-03-21,237.9,0.012987012987013102,0.04635278638221053
2000-03-22,243.4,0.023118957545187113,0.04724329958927797
2000-03-23,240.95,-0.010065735414954924,0.047101335217427355
2000-03-24,240.6,-0.0014525835235525975,0.04720113750264666
2000-03-27,259.85,0.08000831255195351,0.051213354964118704
2000-03-28,280.65,0.08004618048874335,0.05502990215050332
2000-03-29,271.3,-0.03331551754854789,0.05512928910426918
2000-03-30,293.0,0.07998525617397712,0.05674487518145286
2000-03-31,316.45,0.08003412969283263,0.059474887324870836
2000-04-03,328.6,0.03839469110443994,0.05682914480690374
2000-04-04,302.35,-0.07988435788192327,0.05683088111698839
2000-04-05,302.25,-0.00033074251695064394,0.05501213591099721
2000-04-06,326.15,0.07907361455748552,0.05540624169197245
2000-04-07,352.25,0.08002452859113918,0.05555683250182151
2000-04-10,364.55,0.034918381831085865,0.05517844040903142
2000-04-11,353.75,-0.02962556576601294,0.052896863527178165
2000-04-12,337.95,-0.044664310954063646,0.05141446599046018
2000-04-13,310.95,-0.07989347536617841,0.05511563412985839
2000-04-17,298.4,-0.04036018652516482,0.054677761429416535
2000-04-18,300.05,0.0055294906166221125,0.0544864695237337
2000-04-19,314.85,0.049325112481253264,0.05506332733768214
2000-04-20,337.75,0.07273304748292819,0.05652089887010328
2000-04-24,336.95,-0.002368615840118493,0.056345499622912666
2000-04-25,332.05,-0.014542216946134334,0.056663466873107894
2000-04-26,357.95,0.07800030115946388,0.056549018516108426
2000-04-27,345.65,-0.03436234110909353,0.05568543490649737
2000-04-28,345.05,-0.0017358599739619729,0.05477513639042868
2000-05-02,329.15,-0.04608027822054783,0.05397077806982296
2000-05-03,328.0,-0.003493847789761473,0.05119945659982842
2000-05-04,337.2,0.028048780487804903,0.05087460757716676
2000-05-05,335.35,-0.005486358244365275,0.04711342272464374
2000-05-08,324.0,-0.033845236320262484,0.04794789080350504
2000-05-09,328.35,0.013425925925925952,0.04471654368021316
2000-05-10,325.25,-0.009441145119537198,0.04072073144783325
2000-05-11,316.75,-0.02613374327440432,0.039995037236766305
2000-05-12,315.9,-0.0026835043409629833,0.039618168834534076
2000-05-15,319.5,0.01139601139601143,0.038627620242967176
2000-05-16,317.4,-0.0065727699530516714,0.0340656632442717
2000-05-17,318.85,0.004568367989918221,0.032605337685226436
2000-05-18,310.1,-0.027442371020856227,0.033339337598259605
2000-05-19,315.6,0.017736214124475902,0.03169529271114254
2000-05-22,312.45,-0.009980988593155993,0.026804975187458047
2000-05-23,314.75,0.007361177788446138,0.02691560468512249
2000-05-24,312.75,-0.006354249404289081,0.02679380984546946
2000-05-25,312.8,0.0001598721023181593,0.018973851032869592
2000-05-26,316.45,0.011668797953964027,0.018198038283386373
2000-05-29,339.45,0.07268130826354868,0.025054213448407397
2000-05-30,343.8,0.012814847547503394,0.022775340698602976
2000-05-31,343.9,0.00029086678301326607,0.022739300423851038
2000-06-01,339.2,-0.013666763594068043,0.022189709898790586
2000-06-02,337.45,-0.00515919811320753,0.0221851654245464
2000-06-05,339.2,0.005185953474588834,0.020665795589795265
2000-06-06,338.8,-0.001179245283018826,0.020516630138242124
2000-06-07,337.95,-0.002508854781582137,0.020375463180642674
2000-06-08,340.85,0.008581151057848846,0.019292764517032872
2000-06-09,341.2,0.0010268446530730113,0.019244463373940653
2000-06-12,339.4,-0.005275498241500642,0.019269674670803913
2000-06-13,338.5,-0.0026517383618148704,0.019184806579789507
2000-06-14,337.35,-0.003397341211225924,0.019241718781651967
2000-06-15,331.45,-0.01748925448347427,0.01852858128472281
2000-06-16,332.25,0.002413637049328843,0.01822287501822447
2000-06-19,331.35,-0.0027088036117380865,0.018027485796708383
2000-06-20,330.3,-0.0031688546853780863,0.018049922040233868
2000-06-21,329.15,-0.0034816833181956497,0.01798654658988354
2000-06-22,345.0,0.04815433692845206,0.020635456759109702
2000-06-23,337.75,-0.021014492753623215,0.021369498345595254
2000-06-26,331.15,-0.019541080680977152,0.01449309340435482
2000-06-27,334.5,0.010116261512909563,0.01436837464183367
2000-06-28,333.75,-0.0022421524663677195,0.014365021278189574
2000-06-29,342.25,0.025468164794007597,0.015244666143745237
2000-06-30,340.8,-0.004236669101533974,0.01522784836981593
2000-07-03,348.15,0.021566901408450523,0.015912491198495225
2000-07-04,345.4,-0.00789889415481837,0.016040720268759252
2000-07-05,354.15,0.02533294730746971,0.01689759393351357
2000-07-06,362.35,0.023154030777919,0.017478837355595817
2000-07-07,361.2,-0.0031737270594729416,0.01753156267708138
2000-07-10,368.5,0.020210409745293534,0.017822493523502445
2000-07-11,375.95,0.020217096336499374,0.01808664385804886
2000-07-12,370.05,-0.01569357627344059,0.01860353422949253
2000-07-13,365.75,-0.011620051344412907,0.01827686503458195
2000-07-14,361.2,-0.012440191387559807,0.018688618699541
2000-07-17,363.3,0.005813953488372103,0.018616220311279498
2000-07-18,358.15,-0.014175612441508445,0.01902172992998335
2000-07-19,354.1,-0.011308111126622777,0.019267551678219887
2000-07-20,357.6,0.009884213499011585,0.016307330656193858
2000-07-21,343.9,-0.038310961968680224,0.017962338040955046
2000-07-24,326.5,-0.05059610351846455,0.020933170199095238
2000-07-25,333.9,0.022664624808575784,0.02144968555957351
2000-07-26,325.6,-0.024857741838873793,0.02216554335950836
2000-07-27,344.05,0.05666461916461918,0.025037757134039555
2000-07-28,340.45,-0.0104635954076443,0.025139052743220997
2000-07-31,336.8,-0.010721104420619687,0.024731399648482536
2000-08-01,338.5,0.005047505938242214,0.02472083231010244
2000-08-02,339.0,0.001477104874446189,0.023961543622978573
2000-08-03,337.65,-0.0039823008849557695,0.023224478681307188
2000-08-04,330.1,-0.02236043240041452,0.02361338891381525
2000-08-07,330.25,0.0004544077552255388,0.022940935518245952
2000-08-08,330.85,0.0018168054504164033,0.022225114577702692
2000-08-09,333.7,0.008614175608281593,0.022339253885810276
2000-08-10,329.55,-0.012436320047947147,0.02235288063609768
2000-08-11,329.25,-0.000910332271279013,0.022298443672885714
2000-08-14,329.35,0.0003037205770690665,0.022199628590374908
2000-08-16,337.4,0.02444208289054184,0.02299364568444729
2000-08-17,337.75,0.0010373443983402453,0.02291679227828908
2000-08-18,336.95,-0.002368615840118493,0.022742341186092162
2000-08-21,336.5,-0.0013355097195428822,0.0211438971291415
2000-08-22,338.3,0.005349182763744409,0.01762823089302789
2000-08-23,339.55,0.003694945314809406,0.016950736782632703
2000-08-24,335.6,-0.011633043734354254,0.01612803165577979
2000-08-25,333.6,-0.005959475566150174,0.009666611805833988
2000-08-28,332.2,-0.004196642685851404,0.009460011942243161
2000-08-29,330.4,-0.005418422636965681,0.009250620428906037
2000-08-30,336.9,0.01967312348668271,0.010269071721199443
2000-08-31,336.55,-0.0010388839418223883,0.010263023176549212
2000-09-04,353.9,0.051552518199375896,0.0154299663928539
2000-09-05,355.75,0.00522746538570229,0.01428455432886791
2000-09-06,363.6,0.022066057624736457,0.014822008940541124
2000-09-07,361.85,-0.004812981298129793,0.014968569862850199
2000-09-08,370.9,0.025010363410252756,0.01563460479842805
2000-09-11,383.15,0.03302777028848736,0.016197897269078936
2000-09-12,383.45,0.0007829831658618946,0.016154970834031987
2000-09-13,375.5,-0.02073282044595115,0.01731021236344967
2000-09-14,375.7,0.0005326231691078487,0.016841015157986645
2000-09-15,365.95,-0.02595155709342556,0.018242341131491993
2000-09-18,346.2,-0.053969121464680914,0.0223930287357496
2000-09-19,337.6,-0.024841132293471846,0.02315859349854516
2000-09-20,347.5,0.029324644549763024,0.024031358816038108
2000-09-21,347.9,0.001151079136690658,0.024026512968977058
2000-09-22,338.35,-0.027450416786432785,0.02473119545189461
2000-09-25,341.95,0.010639869957144832,0.024774479565199202
2000-09-26,341.3,-0.0019008626992249589,0.024751863469964202
2000-09-27,351.9,0.031057720480515583,0.025535560277798113
2000-09-28,345.6,-0.0179028132992326,0.025662481923249183
2000-09-29,342.5,-0.00896990740740744,0.025766287993436592
2000-10-03,343.15,0.0018978102189779467,0.022890097350376216
2000-10-04,346.65,0.010199621156928407,0.022991393213416554
2000-10-05,340.15,-0.018750901485648397,0.022641132070417652
2000-10-06,340.4,0.0007349698662355575,0.022652803177331874
2000-10-09,340.45,0.0001468860164512975,0.021708505308282434
2000-10-10,335.2,-0.01542076663239833,0.019988448271482998
2000-10-11,330.3,-0.014618138424820959,0.019990939876035146
2000-10-12,327.35,-0.008931274598849459,0.01974439779689239
2000-10-13,318.3,-0.027646250190927146,0.02020483603812709
2000-10-16,310.3,-0.02513352183474704,0.02016750448384159
2000-10-17,301.95,-0.026909442475024248,0.017676429635297107
2000-10-18,298.35,-0.011922503725782296,0.01720713075791322
2000-10-19,303.15,0.016088486676721914,0.01598749110320782
2000-10-20,298.1,-0.016658419924129864,0.01602417555563795
2000-10-23,285.85,-0.0410935927541094,0.01716473635919221
2000-10-24,292.7,0.023963617281790972,0.018166008023708897
2000-10-25,305.05,0.042193372053296985,0.021298307858097772
2000-10-26,305.55,0.0016390755613833186,0.019597001335099038
2000-10-27,302.95,-0.008509245622647765,0.019430132913612765
2000-10-30,301.0,-0.0064367057270176,0.019420650077731954
2000-10-31,302.15,0.00382059800664436,0.019467853006061846
2000-11-01,308.55,0.021181532351481236,0.020098296931669785
2000-11-02,315.7,0.02317290552584672,0.020828930037690017
2000-11-03,315.65,-0.00015837820715869366,0.02082028809918266
2000-11-06,312.7,-0.009345794392523366,0.02083948964272134
2000-11-07,313.2,0.001598976654940909,0.020697147374167182
2000-11-08,318.45,0.01676245210727978,0.020972448289739532
2000-11-09,319.15,0.0021981472758674236,0.02091571306994798
2000-11-10,311.15,-0.02506658311138965,0.02075043086574627
2000-11-13,302.4,-0.028121484814398245,0.02094371245057791
2000-11-14,311.05,0.028604497354497438,0.02101888715234515
2000-11-15,313.1,0.006590580292557435,0.020794042711463366
2000-11-16,311.65,-0.004631108272117657,0.02060303400414928
2000-11-17,310.85,-0.002566982191560929,0.02018297496348864
2000-11-20,310.2,-0.002091040694868984,0.017472852032158787
2000-11-21,309.1,-0.0035460992907799804,0.0169122648234668
2000-11-22,308.15,-0.0030734390164997016,0.014180246163437568
2000-11-23,311.15,0.00973551841635567,0.0143262565517564
2000-11-24,313.35,0.007070544753334573,0.014204698620784864
2000-11-27,318.7,0.017073559917025527,0.014459029531559472
2000-11-28,329.5,0.033887668653906466,0.01603082642765144
2000-11-29,327.2,-0.006980273141122928,0.01571889394548825
2000-11-30,328.15,0.00290342298288504,0.014990114060168104
2000-12-01,328.1,-0.00015236934328799467,0.014990067693116641
2000-12-04,332.6,0.01371533069186226,0.014954863606714898
2000-12-05,338.7,0.01834034876728796,0.01532475231401657
2000-12-06,337.25,-0.004281074697372267,0.01512585907491798
2000-12-07,337.55,0.0008895478131949464,0.015132250183382096
2000-12-08,339.4,0.005480669530439908,0.013625962303103607
2000-12-11,345.95,0.019298762522097945,0.011642801954660834
2000-12-12,344.3,-0.004769475357710551,0.01070946974399516
2000-12-13,347.4,0.00900377577693856,0.01074016759616483
2000-12-14,346.3,-0.0031663788140471327,0.010673922108936505
2000-12-15,337.95,-0.024112041582443067,0.012452757607122326
2000-12-18,341.3,0.009912708980618579,0.012419705923796738
2000-12-19,339.4,-0.00556694989745099,0.012499670736709089
2000-12-20,341.85,0.007218621096052091,0.012371378647079807
2000-12-21,342.3,0.0013163668275559814,0.012354844017728588
2000-12-22,338.2,-0.011977797253870937,0.012897288316820752
2000-12-26,328.0,-0.030159668835008868,0.014573936597729443
2000-12-27,333.05,0.01539634146341462,0.012904762916477689
2000-12-28,338.8,0.017264674973727745,0.013286783928503448
2000-12-29,338.95,0.00044273907910263866,0.013287691782740791
2001-01-01,341.75,0.00826080542852936,0.013358787627921554
2001-01-02,354.3,0.03672275054864671,0.015264116209569476
2001-01-03,360.05,0.01622918430708431,0.015161408845308554
2001-01-04,357.8,-0.006249132064991003,0.015218594268272162
2001-01-05,364.3,0.01816657350475115,0.015574393045980944
2001-01-08,360.2,-0.01125446060938795,0.015932457794404258
2001-01-09,357.95,-0.006246529705719039,0.015585575140021745
2001-01-10,351.7,-0.017460539181449963,0.016117330481823556
2001-01-11,355.8,0.011657662780779177,0.016195806568984866
2001-01-12,354.55,-0.003513209668353001,0.01620104770560352
2001-01-15,355.55,0.0028204766605557374,0.015056293329122237
2001-01-16,368.4,0.03614118970608904,0.016767315368195698
2001-01-17,362.05,-0.01723669923995652,0.017310558352149976
2001-01-18,364.75,0.007457533489849455,0.017313431113161852
2001-01-19,369.1,0.011925976696367524,0.017408861713126035
2001-01-22,374.5,0.014630181522622632,0.01714474283505828
2001-01-23,381.65,0.019092122830440594,0.015220130600336855
2001-01-24,380.35,-0.003406262282195649,0.015301013487820765
2001-01-25,381.7,0.0035493624293412296,0.015112194182308972
2001-01-29,377.65,-0.01061042703694004,0.015525897305296176
2001-01-30,389.65,0.03177545346220034,0.016596695648737874
2001-01-31,384.6,-0.012960349031181706,0.015553386935873312
2001-02-01,386.15,0.0040301612064481684,0.015294917737038267
2001-02-02,394.5,0.021623721351806457,0.015615273367897116
2001-02-05,399.15,0.011787072243345964,0.015395975794492648
2001-02-06,397.85,-0.00325692095703356,0.015060252828093633
2001-02-07,393.45,-0.011059444514264216,0.01528766706866148
2001-02-08,395.95,0.006354047528275508,0.014357683817076528
2001-02-09,398.9,0.007450435661068289,0.01430175818545992
2001-02-12,400.55,0.004136375031336348,0.0141401196952602
2001-02-13,410.05,0.023717388590687838,0.014639547186663424
2001-02-14,415.55,0.01341299841482746,0.01307827437178509
2001-02-15,422.7,0.017206112381181526,0.012069516273218365
2001-02-16,422.45,-0.0005914360066240354,0.01221633823703484
2001-02-19,425.35,0.006864717718073177,0.012170864582828648
2001-02-20,422.8,-0.005995062889385228,0.012379047871284127
2001-02-21,414.1,-0.020577105014191077,0.013338131345597073
2001-02-22,414.65,0.0013281815986474488,0.013238183554576658
2001-02-23,411.3,-0.008079102857831866,0.01353008225556948
2001-02-26,406.25,-0.012278142475079079,0.013628529376855894
2001-02-27,402.1,-0.010215384615384515,0.012247401820651621
2001-02-28,414.1,0.029843322556577956,0.013258973265049505
2001-03-01,438.2,0.05819850277710681,0.017997449097810383
2001-03-02,419.1,-0.04358740301232311,0.020800817065314742
2001-03-05,408.65,-0.02493438320209984,0.02161092409885327
2001-03-07,412.0,0.008197724213875102,0.021632871954278196
2001-03-08,413.4,0.0033980582524271163,0.02141504004106258
2001-03-09,409.5,-0.009433962264150941,0.02156343848674715
2001-03-12,408.0,-0.00366300366300365,0.021556155153342298
2001-03-13,388.1,-0.048774509803921506,0.02427164269339168
2001-03-14,399.4,0.029116207163102148,0.02459240196582346
2001-03-15,397.25,-0.005383074611917782,0.024369622134506132
2001-03-16,384.0,-0.033354310887350525,0.024892747387686362
2001-03-19,382.5,-0.00390625,0.024876411684634087
2001-03-20,373.35,-0.023921568627450873,0.025077325415985917
2001-03-21,401.3,0.07486272934243998,0.030943896324050882
2001-03-22,393.4,-0.01968602043359091,0.0309166097016442
2001-03-23,379.55,-0.035205897305541356,0.03177007385385671
2001-03-26,384.2,0.01225135028322999,0.031955387239485974
2001-03-27,390.7,0.016918271733472157,0.03217171960451254
2001-03-28,402.0,0.028922446890197184,0.03279564370607128
2001-03-29,396.45,-0.013805970149253777,0.03218636440837456
2001-03-30,389.55,-0.017404464623533844,0.02907147977182097
2001-04-02,391.05,0.0038505968425106563,0.02770071098345602
2001-04-03,390.85,-0.0005114435494182334,0.02722159295855107
2001-04-04,383.1,-0.01982857873864652,0.02739649625312533
2001-04-06,382.75,-0.0009135995823544851,0.02735813504445804
2001-04-09,357.25,-0.06662312214239063,0.030785683268996677
2001-04-10,328.6,-0.08019594121763463,0.03491349108253034
2001-04-11,324.25,-0.01323797930614734,0.03373014721181072
2001-04-12,297.35,-0.08296067848882027,0.0363751410070621
2001-04-16,308.15,0.036320834033966465,0.0380521786384728
2001-04-17,315.2,0.02287846827843576,0.03846047974927527
2001-04-18,327.2,0.038071065989847774,0.03987864314784441
2001-04-19,369.75,0.13004278728606367,0.05001490927932017
2001-04-20,358.85,-0.029479377958079755,0.047235128699310715
2001-04-23,354.1,-0.013236728438066003,0.04714814893154587
2001-04-24,349.45,-0.013131883648686893,0.046639935105953295
2001-04-25,358.65,0.02632708541994555,0.046988730203729
2001-04-26,354.85,-0.010595287885124649,0.04679574699567823
2001-04-27,345.35,-0.026771875440326887,0.04640302372915356
2001-04-30,342.5,-0.008252497466338604,0.046373990786689
2001-05-02,342.3,-0.0005839416058394109,0.04631415992817241
2001-05-03,343.95,0.004820333041191782,0.04632490641046459
2001-05-04,343.7,-0.000726849832824561,0.04632373673567728
2001-05-07,340.9,-0.008146639511201648,0.046205781550244025
2001-05-08,346.1,0.015253740099736124,0.04641864978773439
2001-05-09,351.75,0.016324761629586737,0.044181710980256396
2001-05-10,355.15,0.009665955934612613,0.03994884545257104
2001-05-11,355.35,0.000563142334225164,0.03974264031483535
2001-05-14,359.8,0.012522864781201681,0.03388276021741532
2001-05-15,370.8,0.03057254030016665,0.03367229919783326
2001-05-16,366.95,-0.010382955771305324,0.03381375580540623
2001-05-17,382.55,0.04251260389698874,0.03403452380128687
2001-05-18,374.85,-0.020128087831655983,0.019039296710532068
2001-05-21,376.65,0.004801920768307211,0.017657490831783803
2001-05-22,377.45,0.002123987787070236,0.01726342155643846
2001-05-23,381.05,0.009537687110875659,0.016864712644992893
2001-05-24,392.9,0.031098281065476963,0.017220136178560767
2001-05-25,393.55,0.0016543649783660186,0.016861196836922877
2001-05-28,398.8,0.013340109261847255,0.015140476118155244
2001-05-29,403.4,0.011534603811434119,0.014709093265488858
2001-05-30,391.55,-0.02937530986613779,0.016875520150419234
2001-05-31,392.3,0.0019154641808198924,0.01690663733096745
2001-06-01,380.25,-0.030716288554677562,0.018824244468003428
2001-06-04,374.75,-0.014464168310322156,0.019111401386413564
2001-06-05,372.95,-0.00480320213475649,0.019066667256354704
2001-06-06,365.55,-0.01984180185011386,0.019537001874157602
2001-06-07,364.2,-0.0036930652441526934,0.01949326887868534
2001-06-08,370.4,0.017023613399231197,0.019799442873815343
2001-06-11,370.7,0.0008099352051835762,0.019652636524265747
2001-06-12,370.05,-0.0017534394388992736,0.018443084056236046
2001-06-13,375.4,0.01445750574246718,0.018538997783761803
2001-06-14,363.9,-0.030633990410229073,0.01714370848113286
2001-06-15,357.6,-0.01731244847485558,0.017001048941113393
2001-06-18,340.6,-0.04753914988814323,0.01968135547609912
2001-06-19,346.85,0.018349970640046953,0.020307645465497515
2001-06-20,344.85,-0.005766181346403387,0.020056655720725017
2001-06-21,341.1,-0.010874293170943905,0.018215725321080154
2001-06-22,342.4,0.003811199061858561,0.018275224840536047
2001-06-25,341.45,-0.0027745327102803863,0.017687410324273685
2001-06-26,346.8,0.015668472689998714,0.017944846786266237
2001-06-27,358.1,0.03258362168396767,0.01924788150624218
2001-06-28,362.3,0.01172856743926265,0.01953696519802589
2001-06-29,368.5,0.017112889870273262,0.018986702994854436
2001-07-02,358.65,-0.026729986431479058,0.019618634949563018
2001-07-03,329.4,-0.081555834378921,0.02649557773949024
2001-07-04,326.2,-0.00971463266545225,0.026310156222029188
2001-07-05,331.75,0.017014101778050295,0.026781592170598164
2001-07-06,325.7,-0.01823662396382819,0.026462341747786524
2001-07-09,327.2,0.004605465151980459,0.026527790485566208
2001-07-10,333.7,0.019865525672371653,0.027138142076417134
2001-07-11,336.6,0.008690440515433107,0.026952793289528723
2001-07-12,340.2,0.010695187165775222,0.026470934674171036
2001-07-13,344.0,0.01116990005878904,0.02642760943210285
2001-07-16,332.0,-0.03488372093023251,0.025401215372847764
2001-07-17,333.0,0.003012048192771122,0.025016090243391725
2001-07-18,326.75,-0.018768768768768762,0.025293950047325982
2001-07-19,324.1,-0.008110175975516332,0.025252606842918572
2001-07-20,313.9,-0.03147176797284801,0.026028086328549898
2001-07-23,313.0,-0.002867155144950506,0.026027864112032194
2001-07-24,314.35,0.004313099041533652,0.02569777538702454
2001-07-25,310.7,-0.01161126133290924,0.024190050828268923
2001-07-26,304.85,-0.0188284518828451,0.023922559401652693
2001-07-27,306.05,0.003936362145317229,0.02336025158875595
2001-07-30,312.85,0.022218591733377036,0.023958529888695086
2001-07-31,318.85,0.01917852005753562,0.016905565899662935
2001-08-01,315.5,-0.01050650776227069,0.016926757103856806
2001-08-02,317.8,0.007290015847860598,0.016500370794335473
2001-08-03,317.2,-0.0018879798615482057,0.016053379380371754
2001-08-06,323.2,0.018915510718789497,0.01663405502332073
2001-08-07,329.15,0.0184096534653464,0.016543259390209605
2001-08-08,328.45,-0.0021266899589852395,0.01640128962931552
2001-08-09,335.8,0.022377835286953918,0.017038984030380972
2001-08-10,339.8,0.011911852293031489,0.017066542246982713
2001-08-13,326.55,-0.03899352560329605,0.017521329932888473
2001-08-14,321.05,-0.01684274996172097,0.01786030323673483
2001-08-16,326.9,0.018221460831645997,0.017911980558580228
2001-08-17,317.55,-0.02860201896604453,0.01896599919420596
2001-08-20,317.85,0.0009447331128955572,0.01754295106999634
2001-08-21,318.9,0.003303445021236362,0.017529826449939136
2001-08-23,317.0,-0.005957980558168652,0.017580535688482387
2001-08-24,315.15,-0.005835962145110507,0.017416633598403203
2001-08-27,315.3,0.0004759638267493038,0.01679201775911982
2001-08-28,312.85,-0.007770377418331753,0.01691798334828301
2001-08-29,318.4,0.017740131053220143,0.016653213857154927
2001-08-30,319.1,0.0021984924623117408,0.01610204204001196
2001-08-31,311.15,-0.02491382011908505,0.016906674198357823
2001-09-03,312.7,0.0049815201671219445,0.016858091361476316
2001-09-04,314.35,0.005276622961304822,0.01690695606065585
2001-09-05,311.15,-0.010179735963098624,0.016409677696041035
2001-09-06,311.6,0.0014462477904548798,0.01573638571924886
2001-09-07,307.7,-0.012516046213093768,0.015890069585395142
2001-09-10,304.15,-0.01153721156971077,0.014795905868069266
2001-09-11,305.05,0.0029590662502056997,0.014392589947768309
2001-09-12,297.9,-0.023438780527782477,0.012807955944373678
2001-09-13,290.3,-0.025511916750587282,0.01338142796881902
2001-09-14,261.3,-0.09989665862900443,0.02426379058839332
2001-09-17,262.65,0.005166475315729002,0.024137454291700382
2001-09-18,253.15,-0.03616980772891676,0.02473944753909092
2001-09-19,246.9,-0.02468891961287778,0.024678863307625643
2001-09-20,239.9,-0.0283515593357635,0.02487798844243897
2001-09-21,216.65,-0.09691538140892042,0.030982872694751567
2001-09-24,221.15,0.020770828525271234,0.03194023312801415
2001-09-25,206.6,-0.06579244856432287,0.03364109534191087
2001-09-26,227.15,0.09946757018393027,0.04230953085763011
2001-09-27,241.7,0.06405458947831821,0.045816286870758234
2001-09-28,264.6,0.09474555233760884,0.051597823899712236
2001-10-01,259.55,-0.019085411942554864,0.051589078100862794
2001-10-03,246.6,-0.04989404738971304,0.052311210684393754
2001-10-04,249.45,0.011557177615571845,0.052549351161948414
2001-10-05,250.65,0.004810583283223258,0.05259221467406463
2001-10-08,252.35,0.006782365848793104,0.05271112501990084
2001-10-09,253.1,0.0029720626114524418,0.05276764027012483
2001-10-10,258.15,0.01995258790991694,0.05308624680633683
2001-10-11,265.4,0.028084447026922366,0.05349374749057022
2001-10-12,267.05,0.006217030896759734,0.05330474803172313
2001-10-15,273.6,0.024527242089496415,0.04841385651883485
2001-10-16,273.6,0.0,0.04841777755245017
2001-10-17,284.55,0.04002192982456143,0.04815776518380191
2001-10-18,275.95,-0.03022315937445097,0.04836465568660101
2001-10-19,276.5,0.0019931146946912115,0.04767878589451425
2001-10-22,272.8,-0.013381555153706981,0.04120507213419411
2001-10-23,274.9,0.0076979472140761285,0.04116861763478342
2001-10-24,265.95,-0.032557293561295,0.03845637255273501
2001-10-25,263.9,-0.00770821583004333,0.03289520811225635
2001-10-29,260.45,-0.013073133762788847,0.030408359339090335
2001-10-30,252.55,-0.030332117488961363,0.022680194119415267
2001-10-31,254.4,0.00732528212235195,0.022405278391498765
2001-11-01,260.7,0.024764150943396235,0.01986371463498918
2001-11-02,262.95,0.008630609896432606,0.019807839461431807
2001-11-05,261.5,-0.005514356341509763,0.01988775831882478
2001-11-06,262.5,0.003824091778202643,0.01986372295908679
2001-11-07,259.1,-0.012952380952380826,0.02014664714430751
2001-11-08,260.7,0.006175221922037677,0.01970840623046633
2001-11-09,264.05,0.012850019179133199,0.01886988953305774
2001-11-12,266.2,0.008142397273243507,0.01890860846511333
2001-11-13,268.45,0.008452291510142818,0.018137554347815256
2001-11-14,273.2,0.017694170236543183,0.0186038312852619
2001-11-15,278.05,0.017752562225475943,0.01665220657441558
2001-11-19,305.25,0.09782413235029663,0.026523746008476602
2001-11-20,291.05,-0.04651924651924644,0.028956496354016203
2001-11-21,294.4,0.011510049819618562,0.028751599207454518
2001-11-22,291.9,-0.008491847826086918,0.02887555349668361
2001-11-23,291.9,0.0,0.027633362069012984
2001-11-26,298.6,0.022953066118533982,0.02774050333336491
2001-11-27,293.2,-0.018084393837910384,0.02794893164456823
2001-11-28,290.55,-0.009038199181445994,0.026864554726160266
2001-11-29,289.95,-0.0020650490449148906,0.02694721429733634
2001-12-03,290.45,0.0017244352474563573,0.026633771956231792
2001-12-04,298.5,0.027715613702874897,0.027080804526764066
2001-12-05,313.3,0.04958123953098825,0.02853633394683113
2001-12-06,309.95,-0.010692626875199562,0.02886970046845551
2001-12-07,312.0,0.006613969995160618,0.028424485784512
2001-12-10,315.05,0.009775641025641102,0.028412353453112865
2001-12-11,310.45,-0.014600857006824342,0.02892008789922856
2001-12-12,311.0,0.0017716218392656025,0.028959435906286118
2001-12-13,311.0,0.0,0.029017081716741278
2001-12-14,310.3,-0.0022508038585208334,0.02900083055186056
2001-12-18,309.15,-0.0037060908797938996,0.028970214815202736
2001-12-19,308.7,-0.0014556040756913413,0.019218853470672707
2001-12-20,310.3,0.005183025591188883,0.015679143975105263
2001-12-21,310.35,0.00016113438607812114,0.015572219187726022
2001-12-24,310.7,0.0011277589817946243,0.01535358897028511
2001-12-26,306.8,-0.012552301255230103,0.01574439626019066
2001-12-27,302.25,-0.014830508474576343,0.015438571256993534
2001-12-28,301.9,-0.0011579818031431932,0.014804469118590837
2001-12-31,306.2,0.014243126863199729,0.014842097998973913
2002-01-01,305.0,-0.003919007184846501,0.014879360285043332
2002-01-02,303.6,-0.004590163934426128,0.014966475020677519
2002-01-03,296.45,-0.023550724637681264,0.01477719714036331
2002-01-04,321.05,0.08298195311182321,0.02119715337090403
2002-01-07,320.0,-0.003270518610808293,0.021038167407200048
2002-01-08,317.85,-0.0067187499999998845,0.021088730948796597
2002-01-09,328.35,0.033034450212364286,0.022202370507566484
2002-01-10,324.65,-0.011268463529770179,0.022081073419496385
2002-01-11,326.8,0.0066225165562914245,0.02209972944278515
2002-01-14,325.7,-0.0033659730722155334,0.022134196312456996
2002-01-15,322.75,-0.009057414798894659,0.022263618621220903
2002-01-16,320.25,-0.0077459333849728695,0.02233818192408768
2002-01-17,318.7,-0.004839968774395076,0.022378467743385318
2002-01-18,311.6,-0.022278004392845885,0.0229954868421228
2002-01-21,312.4,0.0025673940949935137,0.023000183325410258
2002-01-22,312.6,0.000640204865557159,0.0229998211781938
2002-01-23,314.65,0.006557901471528904,0.022823251587171665
2002-01-24,313.55,-0.003495947878595196,0.022535240779747893
2002-01-25,314.8,0.0039866050071759584,0.022525821964614886
2002-01-28,314.45,-0.0011118170266837257,0.02235935316007528
2002-01-29,316.6,0.006837335029416636,0.02235001695711098
2002-01-30,314.05,-0.008054327226784674,0.022417886797054146
2002-01-31,300.1,-0.04441967839515992,0.024089363017020828
2002-02-01,300.65,0.0018327224258578578,0.014430560735480663
2002-02-04,302.8,0.007151172459670896,0.014614017043509559
2002-02-05,293.9,-0.029392338177014588,0.015778780053865692
2002-02-06,291.7,-0.007485539299081245,0.013190812719965262
2002-02-07,307.95,0.055707919094960534,0.018969673509379604
2002-02-08,311.2,0.010553661308654094,0.019088807149551596
2002-02-11,308.6,-0.00835475578406164,0.01913640964503374
2002-02-12,309.2,0.0019442644199609838,0.019096682290635162
2002-02-13,310.0,0.002587322121604174,0.0190719555573345
2002-02-14,311.55,0.0050000000000001155,0.01910688009141642
2002-02-15,315.6,0.012999518536350507,0.018658512272912937
2002-02-18,318.75,0.009980988593155882,0.018768733880740858
2002-02-19,320.85,0.0065882352941177835,0.018806928885146252
2002-02-20,317.05,-0.0118435405952938,0.018994137936636294
2002-02-21,314.4,-0.008358303106765552,0.019079584053980685
2002-02-22,314.9,0.0015903307888041063,0.01906278080364413
2002-02-25,314.7,-0.0006351222610352369,0.019061368478247707
2002-02-26,321.35,0.021131236097871042,0.019583690418613298
2002-02-27,325.75,0.013692235879881665,0.01966237970622516
2002-02-28,307.85,-0.0549501151189562,0.021062368003101063
2002-03-01,322.3,0.04693844404742564,0.02338784208672038
2002-03-04,313.65,-0.02683834936394669,0.024342535876854955
2002-03-05,313.75,0.0003188267176790216,0.023203094435582657
2002-03-06,307.65,-0.019442231075697314,0.02365150741565896
2002-03-07,311.3,0.011864131318056303,0.02029612959380035
2002-03-08,306.95,-0.013973658849984028,0.020412518740034642
2002-03-11,298.45,-0.027691806483140624,0.02124569506898922
2002-03-12,292.25,-0.020773998994806475,0.021657719952716623
2002-03-13,293.65,0.004790419161676551,0.02169101993623571
2002-03-14,297.5,0.013110846245530494,0.021912927830374913
2002-03-15,308.05,0.03546218487394959,0.023260455016119674
2002-03-18,306.7,-0.004382405453660199,0.02312648260164371
2002-03-19,299.6,-0.02314965764590793,0.023520206349938025
2002-03-20,303.75,0.013851802403204161,0.02372166923974914
2002-03-21,303.55,-0.0006584362139917532,0.023673296578862496
2002-03-22,303.8,0.0008235875473563414,0.02366867071442168
2002-03-26,300.0,-0.012508229098090906,0.023793729904526138
2002-03-27,300.1,0.00033333333333351867,0.023170412319407568
2002-03-28,300.3,0.0006664445184938472,0.02285270275308273
2002-04-01,302.15,0.0061605061605061184,0.019493727533768476
2002-04-02,303.55,0.004633460201886486,0.016034495022785308
2002-04-03,298.95,-0.015154010871355705,0.01531182604616118
2002-04-04,305.35,0.021408262251212617,0.016201008271184605
2002-04-05,305.7,0.0011462256427050566,0.01562691372338711
2002-04-08,303.0,-0.008832188420019538,0.015470307541181783
2002-04-09,300.15,-0.009405940594059525,0.01530521510351379
2002-04-10,296.25,-0.012993503248375782,0.014274713462329027
2002-04-11,296.55,0.0010126582278482399,0.013434509951004663
2002-04-12,298.25,0.005732591468555093,0.01345082273295161
2002-04-15,294.45,-0.012740989103101508,0.013454024132937576
2002-04-16,289.05,-0.018339276617422184,0.011066779539719546
2002-04-17,290.05,0.0034596090641756394,0.011158235065742369
2002-04-18,292.35,0.007929667298741672,0.010295231685402936
2002-04-19,284.7,-0.026167265264238182,0.011080278122010229
2002-04-22,287.25,0.008956796628029506,0.011399208668337385
2002-04-23,291.2,0.013751087902523995,0.011961795410615492
2002-04-24,289.65,-0.005322802197802234,0.011736865490196724
2002-04-25,287.0,-0.009148972898325503,0.011841954371141472
2002-04-26,288.5,0.005226480836237002,0.011942756274361853
2002-04-29,275.3,-0.04575389948006925,0.01526921038986914
2002-04-30,278.35,0.011078823102070423,0.015538436973943207
2002-05-02,284.35,0.021555595473324862,0.016325590300745495
2002-05-03,287.85,0.012308774397749245,0.015744424073863814
2002-05-06,289.7,0.006426958485322043,0.015858435020609588
2002-05-07,293.15,0.011908871246116615,0.01610319360314497
2002-05-08,289.95,-0.01091591335493769,0.016145565357143628
2002-05-09,291.45,0.005173305742369294,0.015981129486661402
2002-05-10,288.05,-0.011665808886601403,0.01616034712921349
2002-05-13,286.0,-0.007116819996528467,0.016120271974979387
2002-05-14,283.7,-0.008041958041958064,0.015988727347809
2002-05-15,282.9,-0.0028198801550934904,0.015509888140259028
2002-05-16,277.9,-0.017674089784376124,0.01590782665967568
2002-05-17,280.8,0.010435408420295111,0.015999876850599677
2002-05-20,276.2,-0.01638176638176647,0.015355040667583563
2002-05-21,262.25,-0.050506879073135336,0.018647811092677467
2002-05-22,258.75,-0.013346043851286904,0.01824155594408026
2002-05-23,254.05,-0.018164251207729465,0.018451297837287377
2002-05-24,270.6,0.06514465656366863,0.02438654463101632
2002-05-27,269.35,-0.004619364375461954,0.02431832055533532
2002-05-28,260.0,-0.03471319844069065,0.023408560707492462
2002-05-29,265.3,0.020384615384615445,0.02378416569572196
2002-05-30,261.45,-0.014511873350923521,0.02325511175801916
2002-05-31,263.5,0.007840887358959714,0.02311187843333539
2002-06-03,270.35,0.025996204933586453,0.023981476053430137
2002-06-04,273.0,0.009802108378028418,0.023916249866649263
2002-06-05,274.4,0.00512820512820511,0.023915899468215856
2002-06-06,275.25,0.0030976676384839585,0.02388541157708399
2002-06-07,274.75,-0.0018165304268846771,0.023789709820789443
2002-06-10,283.9,0.03330300272975428,0.025025353752990233
2002-06-11,289.2,0.01866854526241646,0.025289039834185827
2002-06-12,286.3,-0.010027662517289038,0.025401385849459286
2002-06-13,284.55,-0.006112469437652757,0.025085984961631096
2002-06-14,281.85,-0.009488666315234595,0.025107235869732018
2002-06-17,284.9,0.010821358878836174,0.024881304150767364
2002-06-18,283.35,-0.005440505440505228,0.021732107940277256
2002-06-19,286.65,0.011646373742720817,0.021392191518251044
2002-06-20,286.55,-0.00034885749171453817,0.02072207993911589
2002-06-21,283.9,-0.00924794974699017,0.01564701732486572
2002-06-24,283.8,-0.00035223670306439026,0.01557349119904618
2002-06-25,272.8,-0.03875968992248058,0.016102849098806552
2002-06-26,267.05,-0.02107771260997071,0.016350183263498547
2002-06-27,271.75,0.01759970043063097,0.01637962838246327
2002-06-28,269.4,-0.008647654093836277,0.016488028002886724
2002-07-01,271.7,0.008537490720118779,0.015543302035471442
2002-07-02,267.1,-0.01693043798306948,0.015835654054110703
2002-07-03,268.15,0.003931111943092258,0.015813628763254112
2002-07-04,267.0,-0.00428864441543908,0.015798344606070904
2002-07-05,263.3,-0.013857677902621712,0.016042540623763896
2002-07-08,271.85,0.03247246486897071,0.01594712876032517
2002-07-09,276.9,0.018576420820305195,0.01594084291587354
2002-07-10,277.35,0.0016251354279523955,0.015846579537365763
2002-07-11,265.65,-0.04218496484586276,0.018270582892980967
2002-07-12,265.3,-0.0013175230566533358,0.018215499430159127
2002-07-15,265.85,0.0020731247644176776,0.017973042993537164
2002-07-16,257.9,-0.02990408124882471,0.018933216087363217
2002-07-17,253.9,-0.015509887553315171,0.018684737101129348
2002-07-18,259.35,0.021465143757384952,0.019637055891363716
2002-07-19,259.8,0.001735106998264957,0.019659382792483505
2002-07-22,256.8,-0.011547344110854452,0.019702170300200727
2002-07-23,256.75,-0.00019470404984422984,0.01801893496679219
2002-07-24,251.55,-0.020253164556962022,0.017975980541055293
2002-07-25,251.8,0.0009938382031404736,0.017355431651223486
2002-07-26,245.4,-0.025416997617156545,0.018002039128217476
2002-07-29,247.75,0.009576202118989352,0.018043082564800396
2002-07-30,246.8,-0.0038345105953582204,0.017802261237107642
2002-07-31,244.35,-0.00992706645056729,0.017755430141136418
2002-08-01,245.05,0.0028647431962349756,0.01783150080215879
2002-08-02,242.85,-0.008977759640889649,0.017724428065349514
2002-08-05,243.95,0.004529544986617173,0.01569259001260424
2002-08-06,241.55,-0.009838081574092938,0.01467200461251437
2002-08-07,241.25,-0.0012419788863590187,0.014600189915713328
2002-08-08,233.15,-0.033575129533678694,0.013595731784232335
2002-08-09,234.65,0.006433626420759175,0.01385666066867035
2002-08-12,240.95,0.0268484977626251,0.015614858742240091
2002-08-13,242.55,0.0066403818219549215,0.014628233538893766
2002-08-14,238.55,-0.01649144506287359,0.014674123964848204
2002-08-16,242.8,0.017815971494445693,0.014373379859260644
2002-08-19,245.25,0.010090609555189367,0.014643059198094345
2002-08-20,248.9,0.01488277268093774,0.014998056768925967
2002-08-21,245.2,-0.014865407794295016,0.015289175452929363
2002-08-22,247.65,0.009991843393148514,0.014899019617088751
2002-08-23,249.75,0.008479709267110724,0.015036546621390923
2002-08-26,250.95,0.00480480480480483,0.013851521466459623
2002-08-27,246.6,-0.017334130304841544,0.01429598976320902
2002-08-28,245.7,-0.0036496350364964014,0.014293531423020948
2002-08-29,249.6,0.015873015873015817,0.014524781610398309
2002-08-30,255.5,0.023637820512820484,0.015370882113280672
2002-09-02,265.25,0.03816046966731901,0.017084725944989294
2002-09-03,264.3,-0.0035815268614514117,0.01718147402332659
2002-09-04,269.3,0.01891789632992813,0.0171521068601398
2002-09-05,265.95,-0.012439658373561202,0.017564717335643822
2002-09-06,265.65,-0.0011280315848843925,0.015142585223279485
2002-09-09,260.95,-0.017692452475061127,0.016092292950494098
2002-09-11,257.4,-0.013604138723893544,0.015800506224482362
2002-09-12,260.5,0.012043512043512061,0.015904219116962277
2002-09-13,259.0,-0.0057581573896353655,0.015358926937097965
2002-09-16,258.05,-0.003667953667953583,0.015108126933988953
2002-09-17,261.6,0.013757023832590587,0.015218513814220269
2002-09-18,258.65,-0.011276758409786147,0.015298315567200457
2002-09-19,258.1,-0.0021264256717570262,0.014815267327852209
2002-09-20,255.5,-0.010073614877954329,0.014971946528827202
2002-09-23,260.0,0.017612524461839474,0.015325759508889824
2002-09-24,255.5,-0.017307692307692357,0.015908691823677493
2002-09-25,255.35,-0.0005870841487279899,0.015321797288342388
2002-09-26,255.7,0.0013706677109848187,0.015267889911276701
2002-09-27,257.95,0.008799374266718729,0.01501198849324967
2002-09-30,258.05,0.0003876720294631042,0.01410060968266454
2002-10-01,250.0,-0.031195504747142055,0.012847324919251694
2002-10-03,242.1,-0.03160000000000007,0.01436599618988095
2002-10-04,236.15,-0.024576621230896323,0.013955969418660888
2002-10-07,240.15,0.016938386618674528,0.0148124871402296
2002-10-08,242.35,0.009160941078492524,0.015128761167437235
2002-10-09,238.4,-0.016298741489581103,0.015067736730779218
2002-10-10,236.9,-0.006291946308724872,0.014920647811492261
2002-10-11,239.6,0.011397214014351897,0.014884649999480058
2002-10-14,242.2,0.01085141903171949,0.015244331355012936
2002-10-16,244.2,0.008257638315441795,0.015458293247035827
2002-10-17,243.65,-0.0022522522522522292,0.014971355874818194
2002-10-18,242.9,-0.0030781859224296992,0.014857308308070211
2002-10-21,242.15,-0.003087690407575172,0.014855784089596848
2002-10-22,239.95,-0.009085277720421336,0.014832917427601053
2002-10-23,235.95,-0.016670139612419255,0.014293021424584452
2002-10-24,229.9,-0.02564102564102555,0.014791348838670806
2002-10-25,223.05,-0.029795563288386284,0.015728343988238885
2002-10-28,219.8,-0.01457072405290294,0.015705977358869087
2002-10-29,230.55,0.04890809827115561,0.019889208147757576
2002-10-30,234.4,0.01669919757102578,0.02046563324763828
2002-10-31,265.5,0.13267918088737196,0.03609371819233145
2002-11-01,257.75,-0.029190207156308823,0.035973860549103724
2002-11-04,263.25,0.02133850630455858,0.035535578792033805
2002-11-05,261.2,-0.007787274453941118,0.035565586010017886
2002-11-07,259.65,-0.005934150076569722,0.03562777504987612
2002-11-08,258.0,-0.006354708261120612,0.035397903643012735
2002-11-11,256.0,-0.007751937984496138,0.035422869963198704
2002-11-12,260.8,0.018750000000000044,0.03553677677607299
2002-11-13,262.85,0.007860429447852813,0.03551632096178136
2002-11-14,264.9,0.007799124976221927,0.035514027574785084
2002-11-15,268.2,0.012457531143827971,0.035516057620543745
2002-11-18,271.85,0.013609246830723398,0.035502975543725133
2002-11-20,273.45,0.005885598675740233,0.035435907377884795
2002-11-21,274.7,0.00457121960138962,0.03524760781278536
2002-11-22,285.35,0.03876956680014576,0.035439191897956274
2002-11-25,286.55,0.004205361836341348,0.03446941736804312
2002-11-26,292.4,0.020415285290525054,0.033096341388510406
2002-11-27,287.3,-0.0174418604651162,0.03323327279961459
2002-11-28,290.8,0.012182387747998513,0.03220000646394541
2002-11-29,287.9,-0.009972489683631514,0.03255155818042603
2002-12-02,294.55,0.023098298020145958,0.01594362582652723
2002-12-03,291.35,-0.010864029876082149,0.014297146227412632
2002-12-04,292.5,0.0039471426119785935,0.013852591499086119
2002-12-05,294.4,0.006495726495726384,0.013502204131155071
2002-12-06,296.15,0.005944293478260976,0.013203573710341204
2002-12-09,292.95,-0.010805335134222438,0.01346965105348924
2002-12-10,293.35,0.0013654207202595803,0.013112987241541207
2002-12-11,292.65,-0.00238622805522426,0.012959673535964944
2002-12-12,293.85,0.004100461301896674,0.012956350223699637
2002-12-13,296.95,0.010549600136123827,0.012994692605620533
2002-12-16,295.7,-0.004209462872537428,0.013079851668891522
2002-12-17,294.1,-0.005410889414947495,0.01311030205968794
2002-12-18,289.9,-0.014280856851411228,0.01372072537182129
2002-12-19,289.1,-0.0027595722662985267,0.01377473905582984
2002-12-20,290.8,0.005880318228986381,0.010898246938224483
2002-12-23,289.65,-0.003954607977991853,0.010924747846123743
2002-12-24,291.55,0.006559640945969392,0.010002046152525725
2002-12-26,300.5,0.030697993483107533,0.011314868871295602
2002-12-27,298.9,-0.0053244592346091135,0.01118729658194618
2002-12-30,297.5,-0.004683840749414414,0.010963774677461628
2002-12-31,297.95,0.0015126050420166681,0.009740437745130216
2003-01-01,297.8,-0.0005034401745258599,0.009365911108508342
2003-01-02,293.5,-0.014439220953660237,0.009959111859987923
2003-01-03,287.95,-0.018909710391822876,0.010708215734784613
2003-01-06,284.8,-0.010939399201250088,0.010792741697629085
2003-01-07,285.05,0.000877808988763995,0.010599651632450524
2003-01-08,288.95,0.013681810208735268,0.01110898816224737
2003-01-09,296.35,0.02560996712233954,0.012554723332660632
2003-01-10,297.05,0.002362071874472793,0.012535965614920071
2003-01-13,295.25,-0.006059585928294919,0.012392582616699174
2003-01-14,294.5,-0.002540220152413175,0.012369862302025046
2003-01-15,290.8,-0.012563667232597608,0.012631184631733816
2003-01-16,291.45,0.0022352132049516804,0.012215069789448007
2003-01-17,292.35,0.0030880082346886883,0.01220703080084117
2003-01-20,289.85,-0.00855139387720194,0.012306439275848902
2003-01-21,292.1,0.007762635846127353,0.012391500835245196
2003-01-22,296.05,0.01352276617596715,0.012665689375873597
2003-01-23,292.7,-0.011315656139165742,0.01079992185698308
2003-01-24,282.65,-0.03433549709600281,0.013081886365946796
2003-01-27,273.35,-0.03290288342473002,0.01472468294830157
2003-01-28,278.65,0.019389061642582694,0.015601104460424233
2003-01-29,273.15,-0.0197380226090077,0.016011852604360294
2003-01-30,268.4,-0.017389712612117858,0.01612446608274424
2003-01-31,275.05,0.024776453055141756,0.016982455131396835
2003-02-03,281.35,0.02290492637702246,0.017730434871607834
2003-02-04,281.4,0.00017771459036763915,0.017728347090078093
2003-02-05,282.55,0.004086709310590075,0.017452208060671295
2003-02-06,285.05,0.008847991505928077,0.016484004866273404
2003-02-07,280.75,-0.015085072794246646,0.016711565437952724
2003-02-10,281.65,0.0032056990204807345,0.01674147567452521
2003-02-11,282.45,0.0028404047576779945,0.016779270057564306
2003-02-12,281.2,-0.004425562046379894,0.01660617715903901
2003-02-14,284.1,0.010312944523470868,0.01680006367159139
2003-02-17,291.8,0.027103132699753507,0.017937950415917902
2003-02-18,289.65,-0.007368060315284586,0.01790998366104779
2003-02-19,290.35,0.0024167098221994365,0.01782960691868681
2003-02-20,288.9,-0.004993972791458745,0.01756105643207249
2003-02-21,294.9,0.020768431983385183,0.01803533805870632
2003-02-24,302.7,0.0264496439471007,0.016939102453893885
2003-02-25,295.55,-0.023620746613808974,0.015987676173013627
2003-02-26,292.6,-0.00998139062764336,0.015851231804845448
2003-02-27,295.4,0.00956937799043045,0.01501349265543006
2003-02-28,294.75,-0.002200406228842211,0.014237051448056148
2003-03-03,295.8,0.003562340966921207,0.013437367349829591
2003-03-04,292.2,-0.012170385395537608,0.013087201864977761
2003-03-05,288.95,-0.011122518822724192,0.013408848455025827
2003-03-06,285.35,-0.012458902924381232,0.013741280733402568
2003-03-07,281.0,-0.01524443665673747,0.0140315127005993
2003-03-10,276.95,-0.014412811387900404,0.013995802412401571
2003-03-11,285.15,0.029608232532948087,0.015533259020818743
2003-03-12,278.3,-0.024022444327546744,0.016474215369274434
2003-03-13,277.95,-0.001257635644987487,0.016450827148711072
2003-03-17,279.55,0.005756431012772234,0.01632495123675251
2003-03-19,285.05,0.019674476837775012,0.01573331233485308
2003-03-20,293.35,0.029117698649359758,0.01702473776532056
2003-03-21,293.5,0.0005113345832621352,0.017020379637675713
2003-03-22,294.45,0.0032367972742759488,0.016975500630900746
2003-03-24,282.85,-0.039395483104092244,0.01856115291404161
2003-03-25,285.7,0.010076012020505454,0.017579103941627473
2003-03-26,284.5,-0.004200210010500527,0.016887697459418486
2003-03-27,280.5,-0.01405975395430581,0.01701623132212013
2003-03-28,285.45,0.01764705882352935,0.017396197143302403
2003-03-31,278.1,-0.025748817656331968,0.01821873551184981
2003-04-01,281.05,0.010607695073714396,0.018414176946911047
2003-04-02,282.3,0.004447607187333169,0.018324474881767583
2003-04-03,285.5,0.011335458731845494,0.018395742296209175
2003-04-04,293.45,0.02784588441331004,0.019199784822183326
2003-04-07,300.15,0.02283182825012786,0.019331436454706488
2003-04-08,296.15,-0.013326669998334206,0.01927998254823857
2003-04-09,288.35,-0.02633800438966727,0.01935627133684794
2003-04-10,285.25,-0.010750823651812125,0.018678405419684626
2003-04-11,292.85,0.0266432953549518,0.019493563335003395
2003-04-15,282.3,-0.03602526890899782,0.021313435677839877
2003-04-16,283.8,0.005313496280552554,0.020878239508692116
2003-04-17,278.15,-0.01990838618745605,0.02014331623514969
2003-04-21,279.3,0.004134459823836201,0.020187715054123447
2003-04-22,277.4,-0.006802721088435493,0.020168082316473303
2003-04-23,271.2,-0.022350396539293382,0.018857058464695025
2003-04-24,273.8,0.009587020648967659,0.01884098070909168
2003-04-25,268.2,-0.020452885317750247,0.01928807078255992
2003-04-28,272.2,0.014914243102162494,0.019482483300370383
2003-04-29,272.85,0.0023879500367378625,0.018993267124146403
2003-04-30,274.45,0.005864027854132203,0.018219769128674408
2003-05-02,273.45,-0.0036436509382401505,0.018040198151685498
2003-05-05,270.55,-0.01060522947522391,0.018105419170865864
2003-05-06,269.9,-0.002402513398632511,0.01783271207576201
2003-05-07,265.55,-0.01611708040014803,0.016537775183469036
2003-05-08,259.55,-0.02259461495010351,0.015630026605405432
2003-05-09,261.05,0.0057792332883837005,0.015813740697484827
2003-05-12,260.8,-0.0009576709442635778,0.015112810544032655
2003-05-13,261.75,0.0036426380368097533,0.015162126949227014
2003-05-14,266.5,0.018147086914995114,0.01435037286628206
2003-05-15,267.35,0.003189493433396029,0.012374259340335533
2003-05-16,268.65,0.004862539741911087,0.01235939876093923
2003-05-19,269.1,0.0016750418760471675,0.011699317336638706
2003-05-20,272.1,0.011148272017837302,0.0119815669687168
2003-05-21,271.8,-0.0011025358324145973,0.011909772789933909
2003-05-22,274.6,0.010301692420897846,0.011027290373489356
2003-05-23,270.25,-0.015841223597960696,0.01140582997612615
2003-05-26,279.45,0.03404255319148941,0.012831265966979203
2003-05-27,280.45,0.003578457684737968,0.012482671788414779
2003-05-28,288.0,0.026921019789623912,0.013712361111187291
2003-05-29,293.6,0.019444444444444597,0.014199942004870259
2003-05-30,298.6,0.017029972752043543,0.014405567486090553
2003-06-02,294.55,-0.013563295378432705,0.014582986069700774
2003-06-03,292.15,-0.008148022407061695,0.014778478646748297
2003-06-04,300.65,0.029094643162758782,0.014984207353316981
2003-06-05,312.5,0.0394146016963246,0.01509861436173611
2003-06-06,313.5,0.0032000000000000917,0.015142415749764602
2003-06-09,307.6,-0.018819776714513514,0.016264675972383832
2003-06-10,303.55,-0.013166449934980506,0.016944136968380808
2003-06-11,307.75,0.01383627079558547,0.016829544307759108
2003-06-12,308.0,0.0008123476848092004,0.016868858628047063
2003-06-13,312.95,0.016071428571428514,0.016971738647341996
2003-06-16,307.25,-0.018213772168077957,0.01790624853404543
2003-06-17,321.1,0.045077298616761574,0.019842257305797684
2003-06-18,318.0,-0.00965431329803812,0.020149802305756807
2003-06-19,324.9,0.02169811320754711,0.020376078403134042
2003-06-20,335.45,0.03247152970144662,0.020183817339069154
2003-06-23,325.25,-0.030406916082873714,0.021427348104490665
2003-06-24,320.35,-0.015065334358185911,0.022019583993578354
2003-06-25,324.85,0.014047135945060019,0.02158749209154832
2003-06-26,325.15,0.0009235031553023187,0.021388387877265467
2003-06-27,324.75,-0.0012302014454865784,0.021252053667910446
2003-06-30,324.9,0.0004618937644340626,0.02085514963431756
2003-07-01,325.8,0.0027700831024932704,0.020631255227869565
2003-07-02,328.5,0.008287292817679592,0.019899288610148825
2003-07-03,330.75,0.006849315068493178,0.018159101441979436
2003-07-04,332.95,0.006651549508692289,0.018177519286283295
2003-07-07,328.75,-0.012614506682685045,0.0178321065022834
2003-07-08,326.25,-0.0076045627376425395,0.01760070190568072
2003-07-09,326.65,0.0012260536398467359,0.017445868247130035
2003-07-10,334.1,0.02280728608602489,0.01797737728047667
2003-07-11,330.7,-0.010176593834181458,0.01802526687880267
2003-07-14,339.75,0.027366192924100474,0.01809453495808056
2003-07-15,337.65,-0.006181015452538685,0.015607351748544458
2003-07-16,343.75,0.018066044720864927,0.01568954040041324
2003-07-17,338.8,-0.014399999999999968,0.01562472246783792
2003-07-18,339.25,0.001328217237308138,0.013907932193918233
2003-07-21,335.7,-0.010464259395725928,0.012170023478140012
2003-07-22,334.05,-0.004915102770330582,0.011636100705036323
2003-07-23,329.8,-0.012722646310432517,0.011735980592017553
2003-07-24,341.8,0.036385688295937024,0.014177186065278638
2003-07-25,349.6,0.022820362785254567,0.014840189812871137
2003-07-28,345.2,-0.012585812356979531,0.015274947845709836
2003-07-29,347.65,0.007097334878331418,0.01529998883767651
2003-07-30,348.6,0.0027326333956567694,0.015256211414132734
2003-07-31,357.9,0.026678141135972222,0.016132937759327757
2003-08-01,355.05,-0.00796311818943829,0.016339736664161005
2003-08-04,354.9,-0.00042247570764686326,0.01593544972736943
2003-08-05,347.95,-0.019582981121442633,0.016603801789036643
2003-08-06,350.6,0.007616036786894709,0.01662215505815813
2003-08-07,355.55,0.014118653736451714,0.016204063318750777
2003-08-08,363.3,0.02179721558149339,0.01638697453465527
2003-08-11,361.3,-0.005505092210294493,0.015640012300821363
2003-08-12,356.8,-0.012455023526155573,0.015898748308547896
2003-08-13,360.95,0.011631165919282482,0.01563825547402144
2003-08-14,358.6,-0.006510597035600418,0.015283421315265017
2003-08-18,361.25,0.007389849414389138,0.015309566671388443
2003-08-19,369.1,0.02173010380622853,0.015482473352864227
2003-08-20,368.9,-0.0005418585749120686,0.015367506854157295
2003-08-21,371.1,0.005963675792898027,0.014784828244445238
2003-08-22,381.7,0.02856372945297747,0.014023124828003048
2003-08-25,378.6,-0.008121561435682434,0.013730397498028278
2003-08-26,390.65,0.03182778658214458,0.01446480508227736
2003-08-27,393.8,0.00806348393702816,0.014469213017500334
2003-08-28,393.7,-0.0002539360081259545,0.014523824254583737
2003-08-29,400.7,0.017780035560071017,0.01399002038250101
2003-09-01,410.2,0.02370851010731223,0.014146973675741114
2003-09-02,418.6,0.020477815699658786,0.014314351164123036
2003-09-03,407.95,-0.025441949354992888,0.014962143008232271
2003-09-04,409.3,0.003309229072190334,0.015000296189002244
2003-09-05,419.85,0.025775714634742375,0.015474580915701404
2003-09-08,435.6,0.037513397642015,0.016549252652805234
2003-09-09,436.3,0.001606978879706178,0.01629000240184315
2003-09-10,434.65,-0.0037818015127206728,0.01577938752413263
2003-09-11,428.7,-0.013689175198435488,0.016636989867867137
2003-09-12,419.15,-0.022276650338231896,0.017736255524397997
2003-09-15,404.55,-0.03483239890254075,0.020157735896883324
2003-09-16,410.15,0.013842541095043792,0.019906683571918302
2003-09-17,406.9,-0.007923930269413626,0.02009169010359034
2003-09-18,395.35,-0.02838535266650266,0.02143749458636025
2003-09-19,404.05,0.02200581762994802,0.0210793168718884
2003-09-22,403.05,-0.002474941220146021,0.020959140533277302
2003-09-23,412.55,0.023570276640615395,0.020443463643572825
2003-09-24,429.0,0.03987395467216093,0.022039076404873535
2003-09-25,418.2,-0.025174825174825166,0.023006460003330845
2003-09-26,426.3,0.019368723098995844,0.023061856372447682
2003-09-29,434.3,0.01876612714051129,0.022857841456638835
2003-09-30,443.8,0.02187428045130102,0.022915757547962236
2003-10-01,435.7,-0.018251464623704416,0.022495691600719674
2003-10-03,448.55,0.02949277025476249,0.023231670124104792
2003-10-06,457.5,0.019953182476869946,0.02299080678002979
2003-10-07,451.8,-0.012459016393442601,0.021910359259149394
2003-10-08,455.25,0.0076361221779548405,0.021945315547796548
2003-10-09,455.15,-0.00021965952773206343,0.021907295726499295
2003-10-10,470.9,0.03460397671097448,0.022673035191379018
2003-10-13,481.05,0.021554470163516637,0.022011563268049854
2003-10-14,468.25,-0.026608460658975153,0.021249826149462202
2003-10-15,478.65,0.022210357714895768,0.021461518560660968
2003-10-16,488.55,0.02068317141961784,0.021299113765901868
2003-10-17,489.55,0.002046873400880056,0.019465709253883554
2003-10-20,481.8,-0.015830865080175616,0.020158178898621246
2003-10-21,468.2,-0.02822748028227484,0.021695653969014374
2003-10-22,468.9,0.0014950875694148547,0.02140769684256889
2003-10-23,458.8,-0.02153977393900608,0.02078517180487447
2003-10-24,470.65,0.02582824760244118,0.020193377727017757
2003-10-25,475.4,0.010092425369170321,0.019978415917886395
2003-10-27,459.0,-0.03449726546066467,0.02162121308180642
2003-10-28,464.3,0.011546840958605697,0.02126693642890176
2003-10-29,472.4,0.01744561705793668,0.020931157861609616
2003-10-30,477.05,0.009843353090601248,0.020130290330893016
2003-10-31,486.45,0.019704433497536922,0.020119519235104702
2003-11-03,498.1,0.023949018398602195,0.020268437898506613
2003-11-04,491.5,-0.013250351335073351,0.020664336185382524
2003-11-05,488.6,-0.005900305188199395,0.02076478489409264
2003-11-06,492.85,0.008698321735570946,0.01950937609779265
2003-11-07,482.15,-0.021710459571877894,0.019678880094543542
2003-11-10,482.95,0.0016592346780048839,0.018631887230833862
2003-11-11,480.65,-0.004762397763743653,0.018036765635363872
2003-11-12,484.05,0.00707375429106416,0.01747788994629225
2003-11-13,477.85,-0.012808594153496555,0.01768656981561592
2003-11-14,464.9,-0.027100554567332957,0.018349059894143243
2003-11-15,468.3,0.007313400731340236,0.017329588586045143
2003-11-17,474.95,0.014200298953662038,0.01761190836270895
2003-11-18,466.0,-0.018844088851458052,0.017441520771992475
2003-11-19,461.6,-0.009442060085836812,0.01655129743852828
2003-11-20,450.8,-0.023396880415944565,0.01707293535678301
2003-11-21,459.45,0.019188110026619354,0.015964032896794676
2003-11-24,455.9,-0.007726629665904872,0.015822236839456546
2003-11-25,467.05,0.024457117788988958,0.016317553328133283
2003-11-27,476.2,0.019591050208757066,0.01677998025711489
2003-11-28,487.05,0.02278454430911392,0.016982821881453867
2003-12-01,492.25,0.010676521917667658,0.016249381786390744
2003-12-02,499.6,0.014931437277805992,0.016304148775948372
2003-12-03,497.9,-0.00340272217774229,0.016258466956959067
2003-12-04,508.7,0.021691102631050452,0.016828925491133413
2003-12-05,493.05,-0.03076469431885198,0.01759663053509964
2003-12-08,479.9,-0.026670723050400635,0.01867077289338298
2003-12-09,486.6,0.013961241925401158,0.01889542430128958
2003-12-10,497.6,0.022605836415947378,0.019477685282705184
2003-12-11,493.1,-0.009043408360128624,0.01934924823196131
2003-12-12,491.3,-0.003650375177448817,0.01818438872242745
2003-12-15,499.0,0.01567270506818641,0.018385569430283445
2003-12-16,504.8,0.011623246492985961,0.018314349937645868
2003-12-17,502.75,-0.0040610142630744805,0.017664102173648805
2003-12-18,506.95,0.008354052710094484,0.01740018072751372
2003-12-19,520.7,0.02712299043298172,0.016739573681420802
2003-12-22,527.55,0.01315536777415005,0.01656883617128149
2003-12-23,522.4,-0.009762107857075097,0.016670418108217604
2003-12-24,527.9,0.010528330781010675,0.016185012202853264
2003-12-26,530.2,0.004356885773820984,0.015880569338090508
2003-12-29,537.25,0.013296869105997589,0.015473739532309384
2003-12-30,562.7,0.04737087017217312,0.01812639679355437
2003-12-31,572.85,0.018038030922338688,0.018212258278224678
2004-01-01,570.65,-0.0038404468883652676,0.018225702287185223
2004-01-02,585.2,0.02549723998948572,0.0184061618836232
2004-01-05,580.05,-0.008800410116199697,0.016587855432147487
2004-01-06,572.4,-0.013188518231186941,0.01531773744891709
2004-01-07,580.15,0.013539482879105558,0.015310781299378953
2004-01-08,590.1,0.017150736878393635,0.015101694207092797
2004-01-09,578.65,-0.019403490933740164,0.015897882661514245
2004-01-12,571.25,-0.012788386762291548,0.016378906877395735
2004-01-13,587.4,0.028271334792122405,0.01693479142156801
2004-01-14,597.0,0.01634320735444339,0.017015896197805667
2004-01-15,578.1,-0.03165829145728638,0.01908617832633571
2004-01-16,581.1,0.00518941359626357,0.01908904343090281
2004-01-19,584.75,0.006281190844949158,0.01849349304070704
2004-01-20,574.45,-0.01761436511329617,0.01913384426476583
2004-01-21,552.95,-0.037427104186613325,0.021112335921480277
2004-01-22,535.25,-0.0320101274979655,0.022422147687197583
2004-01-23,557.85,0.0422232601588044,0.02425086270740072
2004-01-27,580.65,0.04087120193600424,0.025622666880500123
2004-01-28,575.7,-0.008524928958925204,0.02363776354463246
2004-01-29,571.5,-0.007295466388744232,0.02337701158694916
2004-01-30,560.55,-0.019160104986876703,0.02376214153602476
2004-02-03,553.7,-0.012220140933012047,0.02306635543067429
2004-02-04,571.4,0.03196676900848816,0.024252125441159754
2004-02-05,564.6,-0.011900595029751382,0.02421827065441455
2004-02-06,575.4,0.019128586609989284,0.024419099136050646
2004-02-09,588.7,0.02311435523114369,0.024676261828549505
2004-02-10,593.25,0.007728894173602674,0.024286322987681873
2004-02-11,587.3,-0.010029498525073843,0.024208449877047764
2004-02-12,587.7,0.000681082921845988,0.023384520270506682
2004-02-13,595.4,0.01310192274970201,0.023278359119377295
2004-02-16,592.95,-0.004114880752435268,0.02208330358468965
2004-02-17,598.75,0.009781600472215102,0.022147468917610238
2004-02-18,604.85,0.01018789144050114,0.022206878796571666
2004-02-19,582.35,-0.03719930561296192,0.023507543073705946
2004-02-20,587.45,0.008757619987979748,0.0217418327103019
2004-02-23,565.35,-0.03762022299770196,0.022250976117826775
2004-02-24,565.75,0.0007075263111346874,0.02024255465839099
2004-02-25,555.2,-0.0186478126380909,0.018342543811027928
2004-02-26,542.3,-0.023234870317002998,0.018901079540647906
2004-02-27,554.7,0.022865572561313163,0.019710533616469503
2004-03-01,567.3,0.022714981070848905,0.019936873589159188
2004-03-03,580.85,0.023885069628062805,0.02032777334318622
2004-03-04,573.65,-0.012395627098218176,0.019350851595260916
2004-03-05,586.15,0.02179029024666601,0.01968940794668025
2004-03-08,595.75,0.01637806022349242,0.019573176763750522
2004-03-09,584.3,-0.01921947125472101,0.019449485875471413
2004-03-10,573.7,-0.018141365736778936,0.019752730173730505
2004-03-11,565.85,-0.013683109639184288,0.01985252976565437
2004-03-12,562.6,-0.00574357161791994,0.01986445538340545
2004-03-15,545.05,-0.03119445431923229,0.020550616793441417
2004-03-16,541.85,-0.005871021007246902,0.020553957083854303
2004-03-17,540.4,-0.002676017347974624,0.02029203998130372
2004-03-18,519.1,-0.03941524796447071,0.021352331862908042
2004-03-19,523.25,0.007994606048930875,0.020402699169511363
2004-03-22,507.7,-0.02971810797897756,0.020832981159447105
2004-03-23,511.75,0.007977151861335408,0.01978116422772486
2004-03-24,512.3,0.001074743527112787,0.019786696816269753
2004-03-25,514.05,0.003415967206714887,0.019585872265680544
2004-03-26,525.7,0.02266316506176458,0.019858588253952866
2004-03-29,528.8,0.005896899372265452,0.019117541547464725
2004-03-30,527.15,-0.0031202723146747102,0.01819507618403266
2004-03-31,538.05,0.020677226595845477,0.017953454532795378
2004-04-01,555.85,0.0330824272837098,0.019594557706581108
2004-04-02,565.8,0.01790051272825388,0.01937037369240985
2004-04-05,575.1,0.0164369034994698,0.019373250130090666
2004-04-06,575.4,0.0005216484089722861,0.01892511339211204
2004-04-07,574.0,-0.0024330900243308973,0.018479346901247393
2004-04-08,572.95,-0.0018292682926828174,0.018198964315606855
2004-04-12,561.75,-0.019547953573610388,0.018713968744806863
2004-04-13,573.3,0.020560747663551426,0.017711517064678554
2004-04-15,565.35,-0.013867085295656612,0.018002545050138225
2004-04-16,566.15,0.001415052622269375,0.017966477826109863
2004-04-17,564.85,-0.0022962112514350874,0.015098766261539854
2004-04-19,552.6,-0.02168717358590777,0.016143280100241127
2004-04-20,552.35,-0.00045240680419833534,0.014250657838484185
2004-04-21,568.35,0.028967140400108615,0.015270619602963794
2004-04-22,568.75,0.0007037916776633235,0.01527633403562834
2004-04-23,567.3,-0.0025494505494506603,0.015374016974254091
2004-04-27,539.45,-0.049092191080556846,0.018994271960847107
2004-04-28,540.4,0.001761052924274642,0.018965967247288565
2004-04-29,529.3,-0.020540340488527042,0.019568047021195852
2004-04-30,526.45,-0.005384470054789148,0.019005392866063335
2004-05-03,528.45,0.0037990312470319587,0.01729972079314156
2004-05-04,530.75,0.004352351215819672,0.01671928532092435
2004-05-05,530.0,-0.0014130946773434072,0.016088366884071385
2004-05-06,540.5,0.019811320754717032,0.01692693054347545
2004-05-07,532.4,-0.014986123959296993,0.017136778064971867
2004-05-10,519.2,-0.024793388429751984,0.017768598276234508
2004-05-11,490.25,-0.05575885978428363,0.020919940847046646
2004-05-12,496.65,0.013054563997960233,0.02047003679039204
2004-05-13,511.45,0.029799657706634397,0.021967185789914547
2004-05-14,477.1,-0.06716199041939575,0.025943976995765224
2004-05-17,404.3,-0.15258855585831066,0.04134229504396703
2004-05-18,433.7,0.07271827850605983,0.04577539583671295
2004-05-19,452.45,0.04323264929674897,0.047320733023138266
2004-05-20,443.2,-0.020444247983202546,0.04652820421202112
2004-05-21,439.5,-0.008348375451263546,0.046449517951897876
2004-05-24,453.85,0.03265073947667818,0.04747119503550286
2004-05-25,455.7,0.004076236642062359,0.04664638422564839
2004-05-26,459.3,0.007899934167215239,0.04672932669921288
2004-05-27,449.05,-0.022316568691487015,0.046758091798228305
2004-05-28,432.7,-0.036410199309653724,0.047211002539284196
2004-05-31,429.8,-0.006702103073723098,0.04712367866800369
2004-06-01,434.2,0.010237319683573665,0.04723078649257264
2004-06-02,439.45,0.012091202210962715,0.04743910375098637
2004-06-03,428.35,-0.02525884628512909,0.04710792983400753
2004-06-04,433.5,0.01202287848721828,0.04735753537836935
2004-06-07,444.8,0.026066897347174267,0.047833634460281285
2004-06-08,455.25,0.023493705035971146,0.04681500192731193
2004-06-09,450.8,-0.009774848984074658,0.0466915162223763
2004-06-10,447.7,-0.006876663708961894,0.04602049638236848
2004-06-11,431.7,-0.03573821755639939,0.0443116876985988
2004-06-14,434.9,0.0074125550150567765,0.027220501123091108
2004-06-15,450.6,0.03610025293170849,0.0233051346964492
2004-06-16,446.15,-0.009875721260541592,0.021321432242327135
2004-06-17,454.3,0.018267398856886885,0.02117072747705926
2004-06-18,444.75,-0.021021351529826093,0.021663381511375004
2004-06-21,434.5,-0.023046655424395768,0.02092309549983841
2004-06-22,431.75,-0.006329113924050667,0.020894248804843717
2004-06-23,411.25,-0.04748118123914302,0.023007958670423736
2004-06-24,423.05,0.028693009118541113,0.02382991121053633
2004-06-25,431.6,0.020210377023992532,0.022962642806447275
2004-06-28,441.7,0.023401297497682938,0.023472570438696393
2004-06-29,443.25,0.0035091691193118724,0.02339078516422369
2004-06-30,429.65,-0.030682459108855142,0.02428972445206791
2004-07-01,438.55,0.020714535086698627,0.0240317314395425
2004-07-02,433.9,-0.010603123931136826,0.024040538638479946
2004-07-05,430.45,-0.007951140815856128,0.023315666475848797
2004-07-06,438.4,0.01846904402369609,0.023059211781261312
2004-07-07,438.4,0.0,0.022980954858288605
2004-07-08,432.0,-0.014598540145985384,0.023146650829625835
2004-07-09,438.9,0.015972222222222276,0.021982947170127998
2004-07-12,436.75,-0.004898610161767958,0.02196800623544745
2004-07-13,430.5,-0.014310246136233551,0.020504655353651088
2004-07-14,418.0,-0.029036004645760727,0.021319559313425482
2004-07-15,420.1,0.005023923444976042,0.020822943871812192
2004-07-16,424.45,0.010354677457748096,0.020630172754748766
2004-07-19,423.8,-0.0015313935681469104,0.020034390180125188
2004-07-20,428.55,0.011208117036337839,0.020174635815438158
2004-07-21,434.3,0.01341733753354335,0.017006143290354724
2004-07-22,454.9,0.04743265024176835,0.01891321373844439
2004-07-23,466.25,0.02495053857990781,0.019157733776922876
2004-07-26,477.3,0.023699731903485288,0.019173715584804598
2004-07-27,465.1,-0.025560444165095286,0.020286939045863067
2004-07-28,470.9,0.012470436465276125,0.018800794001195192
2004-07-29,474.5,0.007644935230409988,0.018440791703578405
2004-07-30,488.9,0.030347734457323527,0.018986803102626796
2004-08-02,494.1,0.010636121906320462,0.018712912571432334
2004-08-03,489.4,-0.009512244484922161,0.018862370707287753
2004-08-04,493.25,0.00786677564364524,0.018819544080478225
2004-08-05,503.0,0.01976685250886967,0.01839634548537098
2004-08-06,493.9,-0.01809145129224654,0.019160618294603304
2004-08-09,492.2,-0.0034419923061348445,0.019119359493485925
2004-08-10,496.7,0.0091426249492077,0.01850674467101435
2004-08-11,479.95,-0.03372256895510373,0.019014274194205347
2004-08-12,475.25,-0.009792686738201883,0.019384662521909155
2004-08-13,476.9,0.0034718569174119196,0.01937118310663273
2004-08-16,478.85,0.004088907527783681,0.019296490682262565
2004-08-17,479.6,0.0015662524798998323,0.019287887358599824
2004-08-18,470.55,-0.01886989157631358,0.019958004818553848
2004-08-19,475.2,0.009882052916799333,0.017261444684811864
2004-08-20,463.4,-0.02483164983164987,0.017416060435659624
2004-08-23,451.25,-0.026219249028916702,0.017393394938648936
2004-08-24,453.55,0.00509695290858736,0.016601664207333743
2004-08-25,458.0,0.009811487156873522,0.01649737958690155
2004-08-26,460.7,0.005895196506550127,0.016452259739627377
2004-08-27,458.2,-0.005426524853483827,0.014673764274823
2004-08-30,467.2,0.01964207769532944,0.015245618455160884
2004-08-31,475.65,0.018086472602739656,0.015832751269302774
2004-09-01,476.0,0.0007358351729214174,0.015695055531539576
2004-09-02,471.95,-0.008508403361344508,0.014917580591555402
2004-09-03,473.8,0.003919906769785042,0.014559002000188115
2004-09-06,477.1,0.0069649641198819,0.014689154894449481
2004-09-07,484.75,0.0160343743450011,0.015027737062512057
2004-09-08,482.7,-0.00422898401237759,0.012964333195844821
2004-09-09,485.7,0.00621504039776255,0.012797216894056614
2004-09-10,487.85,0.004426600782376111,0.012808045932775357
2004-09-13,490.95,0.006354412216869942,0.012844774831948173
2004-09-14,486.35,-0.009369589571239345,0.01306494767075634
2004-09-15,487.65,0.0026729721394056494,0.012220347093106378
2004-09-16,490.85,0.006562083461499224,0.012127807617138608
2004-09-17,509.15,0.03728226545787905,0.01290631042208455
2004-09-20,502.05,-0.01394480997741332,0.011577176013656758
2004-09-21,507.5,0.010855492480828621,0.011640386991114426
2004-09-22,503.45,-0.007980295566502482,0.011984328195738567
2004-09-23,500.05,-0.006753401529446812,0.012254708594444014
2004-09-24,498.85,-0.0023997600239975547,0.012148094157555512
2004-09-27,495.4,-0.006915906585145959,0.01183350515060837
2004-09-28,496.3,0.0018167137666533772,0.011288520899538121
2004-09-29,514.3,0.036268386056820257,0.013606291123956058
2004-09-30,517.9,0.006999805560956585,0.013296486197570527
2004-10-01,533.25,0.029638926433674495,0.014410149361405304
2004-10-04,546.2,0.024285044538209233,0.01497883305175447
2004-10-05,539.9,-0.011534236543390808,0.015356857286101632
2004-10-06,546.35,0.011946656788294208,0.015242334250961052
2004-10-07,558.8,0.02278759037247169,0.015680427975603768
2004-10-08,554.45,-0.007784538296349175,0.016025977696682674
2004-10-09,553.75,-0.0012625123996754528,0.016120829705230374
2004-10-11,546.9,-0.012370203160270932,0.016286066395788584
2004-10-12,535.1,-0.021576156518559042,0.017411234112909884
2004-10-14,542.9,0.014576714632778875,0.017545731357502634
2004-10-15,546.3,0.006262663473936225,0.01584920482486461
2004-10-18,550.7,0.008054182683507438,0.015318641362973576
2004-10-19,559.85,0.016615216996549886,0.015492699753703433
2004-10-20,548.15,-0.020898454943288458,0.01631147635290871
2004-10-21,539.2,-0.016327647541731105,0.01678915963162252
2004-10-25,536.8,-0.004451038575667865,0.016835929086878927
2004-10-26,551.75,0.027850223546944886,0.017454020664213973
2004-10-27,540.6,-0.02020842772995013,0.018372306995954952
2004-10-28,538.6,-0.0036995930447650816,0.01683810687777924
2004-10-29,529.15,-0.01754548830300784,0.01737462633697652
2004-11-01,529.85,0.001322876311065091,0.016039169358162436
2004-11-02,543.4,0.025573275455317512,0.016144902963097313
2004-11-03,543.7,0.0005520794994480216,0.015920340981612095
2004-11-04,537.3,-0.0117711973514808,0.015903881731519517
2004-11-05,540.35,0.00567653080215913,0.015008024832565796
2004-11-08,542.35,0.003701304709910147,0.014977454140549178
2004-11-09,540.0,-0.004332995298239162,0.01499605193365811
2004-11-10,544.35,0.008055555555555705,0.014886819878216467
2004-11-11,545.9,0.0028474327179204284,0.014010823359353617
2004-11-12,545.55,-0.000641143066495764,0.013648534638350264
2004-11-16,544.85,-0.001283108789295051,0.013580079890053743
2004-11-17,543.75,-0.0020189042855832673,0.013450041123048994
2004-11-18,545.75,0.0036781609195402076,0.012880123730765743
2004-11-19,527.35,-0.03371507100320659,0.01416657186154555
2004-11-22,532.55,0.00986062387408726,0.0139655596511752
2004-11-23,528.3,-0.007980471317247217,0.014039850125855792
2004-11-24,515.15,-0.024891160325572592,0.013329491590456757
2004-11-25,503.35,-0.022905949723381447,0.01352141568168051
2004-11-29,509.8,0.012814145226979212,0.014002676558780191
2004-11-30,517.05,0.014221263240486337,0.014025808587373878
2004-12-01,527.5,0.020210811333526868,0.01480885910777724
2004-12-02,542.0,0.027488151658767723,0.014988796429158131
2004-12-03,543.7,0.003136531365313777,0.015005135203942263
2004-12-06,530.95,-0.02345043222365273,0.015702800046547154
2004-12-07,517.05,-0.02617948959412386,0.016633872074791705
2004-12-08,507.8,-0.017889952615801064,0.016937524619187662
2004-12-09,512.2,0.008664828672705793,0.017137873416952772
2004-12-10,499.2,-0.025380710659898553,0.017676490982300664
2004-12-13,502.35,0.006310096153846256,0.017765581580117873
2004-12-14,505.8,0.006867721707972452,0.017918928516711195
2004-12-15,495.1,-0.021154606563859257,0.01832864345756687
2004-12-16,491.1,-0.008079175924055715,0.018333547006258912
2004-12-17,480.55,-0.021482386479332094,0.01857425394141651
2004-12-20,480.65,0.00020809489127038283,0.017441517516961772
2004-12-21,485.0,0.009050244460626189,0.01740735528298382
2004-12-22,495.05,0.020721649484536142,0.018268961581244757
2004-12-23,506.3,0.02272497727502265,0.018380084248741272
2004-12-24,523.4,0.033774442030416685,0.019131212573324303
2004-12-27,516.95,-0.012323270920901686,0.019217802018659743
2004-12-28,527.55,0.02050488441822207,0.01949686649981299
2004-12-29,531.5,0.007487441948630602,0.019045792248704764
2004-12-30,523.1,-0.015804327375352756,0.0182672928269178
2004-12-31,533.7,0.02026381189065196,0.018892511318118952
2005-01-03,543.85,0.01901817500468428,0.01859203329670057
2005-01-04,531.25,-0.02316815298335939,0.018368068522625177
2005-01-05,529.95,-0.0024470588235293578,0.017825961511416598
2005-01-06,526.2,-0.007076139258420655,0.017877009934935042
2005-01-07,542.25,0.030501710376282798,0.017821422291510458
2005-01-10,534.15,-0.014937759336099643,0.01832128419686152
2005-01-11,525.75,-0.015725919685481538,0.018776249652911376
2005-01-12,518.2,-0.014360437470280485,0.018390824699948953
2005-01-13,520.1,0.0036665380162099748,0.01822392845880468
2005-01-14,513.9,-0.011920784464526157,0.017663850662569532
2005-01-17,511.55,-0.004572874100019386,0.017743031478003615
2005-01-18,510.85,-0.0013683901866875514,0.01771728324871732
2005-01-19,513.7,0.005578937065674916,0.017225493932382423
2005-01-20,511.5,-0.00428265524625282,0.016560279324649436
2005-01-24,506.7,-0.009384164222873914,0.014725754014072686
2005-01-25,501.6,-0.010065127294256904,0.014646988516092254
2005-01-27,506.1,0.008971291866028741,0.013949407230265052
2005-01-28,522.25,0.03191068958703802,0.015771923971727532
2005-01-31,532.3,0.019243657252273838,0.015958373196488542
2005-02-01,542.95,0.02000751455945915,0.015942177985578457
2005-02-02,533.55,-0.017312828068883124,0.015848165544728652
2005-02-03,540.95,0.013869365570237324,0.015254227728884857
2005-02-04,537.15,-0.007024678805804707,0.015342988511132687
2005-02-07,530.35,-0.012659406124918449,0.015543054896141785
2005-02-08,533.8,0.006505138116338127,0.013950353745735927
2005-02-09,537.15,0.006275758711127732,0.013612665929948121
2005-02-10,542.5,0.00995997393651682,0.013220426318928025
2005-02-11,547.4,0.00903225806451613,0.012755862880317718
2005-02-14,543.55,-0.00703324808184147,0.012941582607221445
2005-02-15,539.2,-0.008002943611443158,0.012743346506696698
2005-02-16,535.05,-0.0076965875370921255,0.012853039417320418
2005-02-17,535.85,0.0014951873656667836,0.012825636837468153
2005-02-18,534.2,-0.0030792199309508383,0.012861227204548985
2005-02-21,534.5,0.000561587420441656,0.01278132366971303
2005-02-22,539.55,0.009448082319925,0.012568814820249937
2005-02-23,548.3,0.01621721805208054,0.012480310824802441
2005-02-24,547.0,-0.0023709648002917527,0.012525703344349196
2005-02-25,540.15,-0.012522851919561262,0.01117645365774747
2005-02-28,556.25,0.029806535221697628,0.012245307371431518
2005-03-01,547.55,-0.01564044943820231,0.01212196775605301
2005-03-02,549.65,0.0038352661857365966,0.011387271075127332
2005-03-03,558.6,0.016283089238606552,0.011536533602177879
2005-03-04,572.05,0.024078052273540873,0.012369161173168367
2005-03-07,586.9,0.025959269294642207,0.012766977161617267
2005-03-08,591.1,0.007156244675413204,0.01277142904123104
2005-03-09,587.85,-0.005498223650820533,0.012988176966043586
2005-03-10,594.0,0.010461852513396153,0.012999558830077149
2005-03-11,587.95,-0.010185185185185075,0.013361798056830397
2005-03-14,579.0,-0.015222382855685113,0.013824312248624071
2005-03-15,570.85,-0.014075993091537065,0.014147509600228836
2005-03-16,574.3,0.0060436191644037685,0.013935292295901467
2005-03-17,562.5,-0.02054675256834404,0.014948425166985578
2005-03-18,571.85,0.016622222222222316,0.015205882837567434
2005-03-21,559.7,-0.02124683046253384,0.01617998151915147
2005-03-22,544.7,-0.026800071466857256,0.017341004023137378
2005-03-23,552.75,0.014778777308610103,0.017275759764168442
2005-03-24,560.0,0.013116236996834063,0.017483981443859403
2005-03-28,566.1,0.01089285714285726,0.01729115552968676
2005-03-29,549.15,-0.029941706412294766,0.01748372979214213
2005-03-30,543.15,-0.010925976509150503,0.017299617968609505
2005-03-31,546.05,0.005339224891834693,0.017321614466009244
2005-04-01,564.6,0.03397124805420759,0.01861034891761352
2005-04-04,565.05,0.0007970244420827388,0.01778064836767697
2005-04-05,556.05,-0.015927794000530904,0.016951926327969845
2005-04-06,571.6,0.027965111051164504,0.018174153719957335
2005-04-07,565.45,-0.010759272218334504,0.018272585794460262
2005-04-08,556.85,-0.01520912547528519,0.018268864118599352
2005-04-11,547.35,-0.017060249618389145,0.018473413361100532
2005-04-12,548.7,0.0024664291586735665,0.018300719524100485
2005-04-13,545.55,-0.005740841990158674,0.018117821524895193
2005-04-15,529.75,-0.028961598386948895,0.018960112867213514
2005-04-18,518.55,-0.02114204813591325,0.018988136459094015
2005-04-19,514.0,-0.008774467264487384,0.018383888456341934
2005-04-20,530.05,0.03122568093385203,0.019666494904854934
2005-04-21,542.9,0.024242995943778878,0.01966375088026568
2005-04-22,547.5,0.008473015288266827,0.01946415430637632
2005-04-25,546.7,-0.0014611872146117477,0.01920664464340216
2005-04-26,547.15,0.000823120541430189,0.019008707322427043
2005-04-27,539.0,-0.014895366901215401,0.018101144350490938
2005-04-28,543.85,0.008998144712430545,0.018061457009470032
2005-04-29,528.05,-0.02905212834421267,0.019152460483468272
2005-05-02,533.85,0.010983808351481938,0.017532952489773063
2005-05-03,540.95,0.013299615997002912,0.017881757109306253
2005-05-04,541.35,0.0007394398742952557,0.017585673571828185
2005-05-05,541.15,-0.00036944675348671296,0.01619984169005434
2005-05-06,549.1,0.014690935969694285,0.016522267506613692
2005-05-09,553.4,0.007830996175559823,0.016305886146681426
2005-05-10,544.25,-0.016534152511745503,0.016277628416451244
2005-05-11,542.5,-0.003215434083601254,0.016278998935097905
2005-05-12,539.05,-0.006359447004608332,0.0162901806170764
2005-05-13,536.25,-0.005194323346628282,0.014911087902971144
2005-05-16,540.25,0.007459207459207473,0.014051211979781474
2005-05-17,525.95,-0.02646922720962508,0.015278464529112901
2005-05-18,529.6,0.006939823177108062,0.013649880974010115
2005-05-19,524.3,-0.010007552870090808,0.012559386626254627
2005-05-20,520.45,-0.007343124165553938,0.012384089961996842
2005-05-23,531.15,0.020559131520799134,0.013413358999167858
2005-05-24,531.0,-0.0002824060999717659,0.013406183109469113
2005-05-25,530.65,-0.0006591337099811634,0.013025066815058037
2005-05-26,530.4,-0.0004711203241307693,0.012824573280561424
2005-05-27,531.25,0.0016025641025640969,0.011022416449268876
2005-05-30,526.8,-0.00837647058823543,0.010889636591659667
2005-05-31,535.0,0.01556567957479138,0.011052527505933088
2005-06-01,541.0,0.01121495327102795,0.01135808324330777
2005-06-02,529.85,-0.020609981515711584,0.012261284427007602
2005-06-03,553.15,0.0439747098235348,0.015541263522623057
2005-06-04,555.2,0.0037060471843082254,0.01546577924654742
2005-06-06,552.3,-0.005223342939481457,0.015019117578080044
2005-06-07,547.85,-0.00805721528154979,0.015126572688540639
2005-06-08,558.45,0.019348361777858925,0.015589391977987753
2005-06-09,559.05,0.0010744023636850564,0.015502366181803407
2005-06-10,566.55,0.0134156157767642,0.015665135945884524
2005-06-13,569.6,0.005383461300856096,0.01410713668455119
2005-06-14,574.05,0.007812499999999778,0.014117768234171177
2005-06-15,574.95,0.001567807682257838,0.013739838068708432
2005-06-16,590.25,0.026611009653013218,0.014259998948959346
2005-06-17,600.25,0.016941973739940774,0.01409303388759928
2005-06-20,630.5,0.050395668471470145,0.017096855642415438
2005-06-21,646.15,0.024821570182394836,0.017306057748286006
2005-06-22,654.55,0.013000077381412956,0.01713696367311417
2005-06-23,650.6,-0.006034680314719987,0.017433081277504207
2005-06-24,654.65,0.006225023055640877,0.016906385933735748
2005-06-27,648.65,-0.009165202780111459,0.017454760415718817
2005-06-28,629.55,-0.029445771987975045,0.019528529745100248
2005-06-29,641.85,0.01953776507028837,0.018491815664030353
2005-06-30,642.55,0.0010905974916257666,0.016721425843416435
2005-07-01,640.1,-0.00381293284569284,0.0168983604572297
2005-07-04,644.4,0.006717700359318846,0.016642566878448013
2005-07-05,638.05,-0.009854127870887686,0.016737662658649705
2005-07-06,645.2,0.011206018337120982,0.016539360528742594
2005-07-07,613.95,-0.048434593924364555,0.02071086370948018
2005-07-08,620.3,0.010342861796563074,0.0206556839026299
2005-07-11,633.9,0.021924875060454596,0.021010694901027097
2005-07-12,638.3,0.006941157911342533,0.02100670845817453
2005-07-13,630.95,-0.011514961616794439,0.02133763373401499
2005-07-14,641.5,0.016720817814406708,0.020917847121858096
2005-07-15,666.65,0.0392049883086516,0.022176037604658798
2005-07-18,661.8,-0.00727518187954701,0.019633853980759817
2005-07-19,664.65,0.004306436990027196,0.018935831430940055
2005-07-20,679.1,0.021740765816595342,0.019310341072069907
2005-07-21,678.25,-0.0012516566043292432,0.01923479284572243
2005-07-22,689.55,0.01666052340582369,0.019487879857943216
2005-07-25,687.55,-0.0029004423174534555,0.019335492115516884
2005-07-26,691.15,0.005235982837611841,0.017754003000197353
2005-07-27,698.85,0.011140852202850438,0.017485120992288487
2005-07-29,703.35,0.00643915003219564,0.017472585822753368
2005-08-01,707.75,0.006255775929480345,0.017359784528357007
2005-08-02,741.45,0.0476156835040622,0.019789208017923256
2005-08-03,714.5,-0.036347697080045926,0.021779327761495555
2005-08-04,729.2,0.02057382785164452,0.02199905763412943
2005-08-05,725.75,-0.0047312122874383356,0.018092594255764087
2005-08-08,711.3,-0.019910437478470655,0.019167909239030525
2005-08-09,707.65,-0.005131449458737447,0.01901637483339374
2005-08-10,719.45,0.016674909913092728,0.019174022493136045
2005-08-11,717.6,-0.0025714087149906195,0.018841135328188652
2005-08-12,704.2,-0.018673355629877375,0.01949365207350034
2005-08-16,699.8,-0.006248224936097779,0.017858961169410104
2005-08-17,714.95,0.021649042583595346,0.01818699998922359
2005-08-18,708.35,-0.009231414784250713,0.018426380831610186
2005-08-19,705.75,-0.003670501870544296,0.01796173102489276
2005-08-22,699.3,-0.009139213602550544,0.01812456110947347
2005-08-23,685.15,-0.020234520234520215,0.018395645924788248
2005-08-24,694.85,0.014157483762679668,0.018655513653552544
2005-08-25,696.35,0.002158739296250989,0.018628740897231523
2005-08-26,698.75,0.003446542686867282,0.018477099795058446
2005-08-29,700.35,0.002289803220035802,0.018426039246398324
2005-08-30,707.6,0.010351966873705987,0.018522371098482784
2005-08-31,719.4,0.016676088185415328,0.015373990883504666
2005-09-01,726.7,0.010147345009730468,0.013167601504407425
2005-09-02,730.5,0.005229117930370064,0.012386609405629167
2005-09-05,730.35,-0.00020533880903483848,0.012333739156773823
2005-09-06,728.9,-0.0019853494899706448,0.011396751200477243
2005-09-08,738.65,0.013376320482919368,0.011597987968729837
2005-09-09,741.65,0.0040614634806741545,0.011102370628141536
2005-09-12,752.5,0.01462954223690427,0.011425454672117223
2005-09-13,752.3,-0.00026578073089711385,0.010323482229590236
2005-09-14,740.95,-0.015087066329921406,0.01092793462121846
2005-09-15,760.8,0.026789931844253934,0.011440173970424215
2005-09-16,764.05,0.004271819137749766,0.011061663489168204
2005-09-19,764.2,0.00019632223022059136,0.010956593788796534
2005-09-20,777.95,0.017992672075372917,0.010918100569650016
2005-09-21,782.25,0.005527347515907222,0.009103512459033927
2005-09-22,754.45,-0.03553851070629588,0.012933840054432308
2005-09-23,747.75,-0.008880641526940236,0.013257198075258853
2005-09-26,780.25,0.043463724506853874,0.015967468269324273
2005-09-27,788.0,0.009932713873758381,0.015974222098950733
2005-09-28,800.45,0.01579949238578693,0.016097685154992877
2005-09-29,808.3,0.009806983571740702,0.015937279219123728
2005-09-30,793.55,-0.018248175182481785,0.016787061871380564
2005-10-03,794.25,0.0008821120282276329,0.01680584619948317
2005-10-04,806.65,0.015612212779351653,0.016952921412503277
2005-10-05,802.05,-0.005702597161098444,0.017054954051991048
2005-10-06,790.85,-0.0139642166947197,0.01743391720565048
2005-10-07,788.4,-0.0030979326041601363,0.01749655376020569
2005-10-10,782.95,-0.0069127346524605615,0.017419206526931973
2005-10-11,788.8,0.007471741490516548,0.017449120942766818
2005-10-13,775.25,-0.01717799188640967,0.017566011412012562
2005-10-14,763.85,-0.01470493389229277,0.016975647873051
2005-10-17,771.0,0.009360476533350814,0.017075576262374444
2005-10-18,756.45,-0.018871595330739233,0.017622331334160198
2005-10-19,747.3,-0.012095974618282934,0.017253345771259504
2005-10-20,748.15,0.0011374280744012033,0.01718210232780448
2005-10-21,771.2,0.03080932967987704,0.016783849492550202
2005-10-24,757.1,-0.018283195020746934,0.01720830894816628
2005-10-25,767.6,0.01386870954959707,0.014383614388300459
2005-10-26,763.55,-0.005276185513288234,0.014191593347310775
2005-10-27,750.3,-0.017353153035164715,0.01400204739280982
2005-10-28,741.6,-0.01159536185525778,0.013776761721594701
2005-10-31,762.5,0.02818230852211423,0.015131557789597957
2005-11-01,766.2,0.004852459016393418,0.01519568780782086
2005-11-02,777.7,0.015009135995823542,0.015160109650449472
2005-11-07,788.0,0.013244181561013146,0.015486429766090815
2005-11-08,790.45,0.0031091370558375964,0.015188537489709681
2005-11-09,791.15,0.0008855715098994299,0.015170726330513482
2005-11-10,785.7,-0.006888706313594062,0.015170127428006813
2005-11-11,795.4,0.012345679012345512,0.015329973424699985
2005-11-14,798.45,0.0038345486547650687,0.014762174323750137
2005-11-16,817.45,0.023796104953347053,0.015034818914541264
2005-11-17,829.3,0.014496299467857243,0.015183245590932528
2005-11-18,826.15,-0.00379838417942846,0.014352072718506317
2005-11-21,829.05,0.0035102584276462956,0.013815697508294492
2005-11-22,819.3,-0.011760448706350624,0.014312055604083615
2005-11-23,832.0,0.015501037471011836,0.013205985770373367
2005-11-24,844.1,0.014543269230769207,0.012315843031830566
2005-11-25,842.65,-0.0017178059471627538,0.01225308478443867
2005-11-26,845.9,0.0038568800806977332,0.012028036076514842
2005-11-28,847.9,0.002364345667336565,0.01083039605859327
2005-11-29,848.15,0.0002948460903409167,0.010104850457628151
2005-11-30,832.7,-0.018216117432057977,0.01025834744224483
2005-12-01,839.55,0.008226251951483077,0.01029276864833013
2005-12-02,839.4,-0.00017866714311232101,0.01004411006899481
2005-12-05,840.25,0.0010126280676674426,0.009813166771256975
2005-12-06,836.75,-0.004165426956262985,0.009952907562849951
2005-12-07,843.45,0.008007170600537794,0.01000441378751754
2005-12-08,846.15,0.0032011381824648133,0.009716323885737317
2005-12-09,863.35,0.02032736512438693,0.010237566049251039
2005-12-12,863.2,-0.00017374181965601476,0.010283337460990066
2005-12-13,871.6,0.009731232622798958,0.00928789796289656
2005-12-14,861.95,-0.011071592473611669,0.009417614186970333
2005-12-15,845.25,-0.019374673704971368,0.01050181505980081
2005-12-16,849.35,0.00485063590653656,0.01052162006554949
2005-12-19,857.15,0.009183493259551367,0.01019437500626607
2005-12-20,854.55,-0.003033308055766182,0.00976555690557397
2005-12-21,860.15,0.006553156632145507,0.009353603305170006
2005-12-22,855.95,-0.004882869266988221,0.0094281963068404
2005-12-23,842.9,-0.015246217652900351,0.010051961056729347
2005-12-26,832.7,-0.012101079606121612,0.010378198351406421
2005-12-27,866.9,0.04107121412273318,0.013991731324717462
2005-12-28,872.5,0.006459799284807888,0.013259607553248091
2005-12-29,891.1,0.02131805157593125,0.01387042529207408
2005-12-30,889.3,-0.002019975311412958,0.01389923513212863
2006-01-02,897.85,0.00961430338468472,0.013967988906483413
2006-01-03,920.0,0.0246700451077575,0.014617720699619518
2006-01-04,929.85,0.010706521739130448,0.014660763051809408
2006-01-05,921.7,-0.008764854546432166,0.014978297448806584
2006-01-06,920.7,-0.0010849517196485081,0.01453802111980715
2006-01-09,910.15,-0.011458672748995369,0.01489536913700543
2006-01-10,894.1,-0.017634455858924314,0.015466843816186515
2006-01-12,886.85,-0.008108712671960672,0.015355010630863879
2006-01-13,885.15,-0.0019168968822236288,0.014580417027950937
2006-01-16,872.95,-0.013782974637067125,0.015005317730596053
2006-01-17,928.5,0.06363480153502477,0.02043472000020684
2006-01-18,693.7,-0.25288099084544957,0.061065505356951495
2006-01-19,704.5,0.015568689635288901,0.061213958716698276
2006-01-20,704.2,-0.00042583392476924775,0.061233408302607456
2006-01-23,702.35,-0.002627094575404776,0.0612156932388806
2006-01-24,693.45,-0.01267174485655298,0.061218334796638275
2006-01-25,688.4,-0.007282428437522581,0.06016500402385511
2006-01-27,698.65,0.014889599070307957,0.06031156135618454
2006-01-30,711.05,0.01774851499320107,0.060222296103807256
2006-01-31,713.9,0.0040081569509879955,0.060275139122902145
2006-02-01,704.8,-0.012746883316991253,0.06012102836580818
2006-02-02,708.65,0.0054625425652667925,0.05968978892298088
2006-02-03,696.6,-0.017004162844845738,0.05948143547137201
2006-02-06,720.35,0.034094171691070985,0.060382761993120294
2006-02-07,720.55,0.0002776428125215169,0.06039436838435559
2006-02-08,716.5,-0.00562070640482959,0.060401781545154014
2006-02-10,719.6,0.004326587578506569,0.06045243183726775
2006-02-13,716.8,-0.0038910505836576847,0.06046215294558767
2006-02-14,714.2,-0.0036272321428569843,0.06045349822997347
2006-02-15,701.8,-0.01736208345001411,0.06047485641212036
2006-02-16,697.05,-0.006768310059846128,0.05803607885817498
2006-02-17,693.15,-0.005595007531740914,0.01280817846614666
2006-02-20,702.05,0.012839933636298095,0.012647555090692694
2006-02-21,697.75,-0.006124919877501522,0.012719309573565707
2006-02-22,703.95,0.008885704048728016,0.012872038722780053
2006-02-23,700.35,-0.005113999573833405,0.01258219549829288
2006-02-24,702.85,0.003569643749553819,0.012459142384365459
2006-02-27,700.1,-0.00391264138863201,0.012068092401997393
2006-02-28,708.85,0.012498214540779928,0.011717653643386804
2006-03-01,708.25,-0.0008464414192000946,0.011678503762199617
2006-03-02,713.15,0.0069184609954111576,0.01140291394208248
2006-03-03,715.75,0.0036457968169389954,0.011369749426436827
2006-03-06,732.2,0.022982885085574667,0.011631473141867245
2006-03-07,732.5,0.00040972411909301343,0.00895585996076795
2006-03-08,719.9,-0.017201365187713313,0.009827592332155789
2006-03-09,726.75,0.009515210445895317,0.009953898922817431
2006-03-10,731.45,0.0064671482628140264,0.010005668812280549
2006-03-13,735.35,0.005331875042723366,0.00998747669442295
2006-03-14,742.5,0.00972326103216159,0.010084698437801692
2006-03-16,768.5,0.035016835016834946,0.011496183340494775
2006-03-17,775.05,0.008523096942094854,0.011204259510174841
2006-03-20,778.05,0.0038707180181922762,0.010912531096692423
2006-03-21,780.45,0.0030846346635822197,0.010801102052529465
2006-03-22,772.5,-0.010186430905247068,0.011063437762447606
2006-03-23,777.35,0.006278317152103696,0.011032532465507597
2006-03-24,782.2,0.006239145815913005,0.010772195537579703
2006-03-27,794.35,0.015533111736128813,0.010983810818841392
2006-03-28,790.85,-0.004406118209857146,0.011008237590703808
2006-03-29,793.75,0.0036669406334954857,0.01091778448595866
2006-03-30,795.7,0.002456692913385794,0.010837781698354096
2006-03-31,795.35,-0.000439864270453727,0.010925697369584837
2006-04-03,828.8,0.042056956057081596,0.013621351917662962
2006-04-04,836.75,0.009592181467181549,0.013137997920571479
2006-04-05,840.5,0.004481625336121953,0.013065490000882281
2006-04-07,833.45,-0.00838786436644845,0.012335185004091689
2006-04-10,836.25,0.003359529665846628,0.012356955511040268
2006-04-12,828.75,-0.008968609865470878,0.012870781529816976
2006-04-13,846.5,0.021417797888386048,0.013299836319194475
2006-04-17,851.45,0.005847607796810372,0.013288532199685087
2006-04-18,891.3,0.04680251335956309,0.014776589537456293
2006-04-19,921.8,0.034219679120385926,0.015937989975315175
2006-04-20,992.55,0.07675200694293771,0.02194512883995483
2006-04-21,974.95,-0.01773210417611193,0.022887137037236997
2006-04-24,977.2,0.0023078106569567325,0.022432072716541594
2006-04-25,955.1,-0.02261563651248466,0.023717231528233174
2006-04-26,978.65,0.02465710396817089,0.0238955188824051
2006-04-27,997.95,0.01972104429571364,0.023950729496676343
2006-04-28,1008.9,0.010972493611904444,0.02365007481807051
2006-04-29,1022.95,0.01392605808306091,0.023559298882904017
2006-05-02,1031.15,0.008016032064128265,0.02346068000170154
2006-05-03,1035.55,0.00426708044416424,0.023338893487899443
2006-05-04,1080.2,0.04311718410506504,0.023408189277993256
2006-05-05,1099.25,0.017635623032771663,0.02340502669811627
2006-05-08,1155.0,0.05071639754377988,0.024665830385717572
2006-05-09,1154.1,-0.0007792207792208794,0.024321260994238866
2006-05-10,1169.8,0.013603673858417764,0.024133064609377128
2006-05-11,1110.25,-0.05090613780133357,0.028032799551311268
2006-05-12,1066.85,-0.0390902949786085,0.03047363878061223
2006-05-15,1021.65,-0.0423677180484604,0.032809585632021715
2006-05-16,1043.7,0.021582733812949728,0.03177532325137234
2006-05-17,1086.2,0.0407205135575357,0.0320850813297957
2006-05-18,1004.8,-0.07494015835021184,0.03307195208015196
2006-05-19,978.1,-0.02657245222929927,0.03339496763981148
2006-05-22,929.4,-0.04979040997852979,0.03524358353594209
2006-05-23,967.1,0.040563804605121545,0.03611046289296734
2006-05-24,938.55,-0.029521249095233237,0.03629400898811252
2006-05-25,950.0,0.012199669703265803,0.036101483038448214
2006-05-26,958.5,0.008947368421052593,0.03606650133531828
2006-05-29,955.95,-0.0026604068857589702,0.03587280353189892
2006-05-30,954.95,-0.0010460798158899998,0.035786618097998414
2006-05-31,954.15,-0.0008377401958218345,0.03574862182824289
2006-06-01,925.35,-0.030183933343813862,0.034454965721403885
2006-06-02,958.1,0.03539201383260382,0.03534416758296239
2006-06-05,925.35,-0.034182235674772965,0.03317410354538699
2006-06-06,906.5,-0.020370670557086523,0.03316141163991891
2006-06-07,893.0,-0.014892443463872085,0.032635271226518214
2006-06-08,825.7,-0.07536394176931682,0.03453726741795987
2006-06-09,922.75,0.1175366355819305,0.04480789507236598
2006-06-12,901.05,-0.023516662151178647,0.04420321774264299
2006-06-13,858.65,-0.047056212196881386,0.044664525656214295
2006-06-14,858.45,-0.00023292377569428258,0.04319019974150502
2006-06-15,895.35,0.0429844487157085,0.04201014716084579
2006-06-16,921.6,0.02931814374267039,0.042352261865013424
2006-06-19,933.7,0.013129340277777901,0.040939406792576884
2006-06-20,925.0,-0.00931776801970663,0.03990940454984325
2006-06-21,964.15,0.042324324324324314,0.0404822280824753
2006-06-22,975.1,0.011357153969818068,0.040471611558451075
2006-06-23,1011.9,0.037739719003179184,0.04123415951477084
2006-06-25,1007.2,-0.004644727739895216,0.04125216126419372
2006-06-26,981.2,-0.02581413820492451,0.04176150249182191
2006-06-27,985.75,0.004637178964533195,0.041758703953399985
2006-06-28,1000.95,0.015419731169160622,0.041123669694855335
2006-06-29,1008.35,0.007392976672161433,0.04049644204141758
2006-06-30,1059.85,0.05107353597461195,0.04082660452804461
2006-07-03,1071.1,0.01061470962872102,0.04029435416713204
2006-07-04,1074.7,0.0033610307160862885,0.03992654157758747
2006-07-05,1094.15,0.0180980738810832,0.03450511422382313
2006-07-06,1083.25,-0.009962071014029239,0.024970152272858735
2006-07-07,1031.6,-0.047680590814678125,0.0270877543650819
2006-07-10,1043.3,0.011341605273361921,0.02389828247050788
2006-07-11,1049.2,0.00565513275184526,0.023800918585575058
2006-07-12,1098.05,0.04655928326343872,0.024070780302270466
2006-07-13,1075.45,-0.02058194071308217,0.024601152736930237
2006-07-14,1069.1,-0.0059045050908923535,0.024761351050441055
2006-07-17,1031.4,-0.03526330558413604,0.026297842696155045
2006-07-18,1004.4,-0.02617801047120427,0.025743671849506346
2006-07-19,983.05,-0.021256471525288756,0.026173178976604466
2006-07-20,995.4,0.01256294186460516,0.024872617084619058
2006-07-21,967.55,-0.027978702029334945,0.02561212921883746
2006-07-24,971.5,0.004082476357811116,0.024995377147154586
2006-07-25,987.8,0.01677817807514148,0.025265023811522774
2006-07-26,999.9,0.012249443207126953,0.02517566085066406
2006-07-27,1000.1,0.00020002000200025627,0.0251195368416824
2006-07-28,979.05,-0.021047895210479006,0.022416144557576564
2006-07-31,978.8,-0.00025534957356621035,0.02218089848408665
2006-08-01,981.6,0.002860645688598451,0.022172129051234078
2006-08-02,990.9,0.009474327628361756,0.021794547038046595
2006-08-03,988.0,-0.0029266323544252515,0.021762191351895936
2006-08-04,967.8,-0.020445344129554677,0.019659658220807775
2006-08-07,954.95,-0.013277536681132407,0.01948413611463472
2006-08-08,977.15,0.023247290434054158,0.020332725914611847
2006-08-09,988.0,0.011103720002046735,0.017028977358859
2006-08-10,978.95,-0.009159919028340013,0.01667118607870003
2006-08-11,1011.0,0.032739159303335263,0.018630960072590026
2006-08-14,1029.25,0.01805143422354094,0.017494699171602443
2006-08-16,1046.5,0.016759776536312776,0.01672550458957419
2006-08-17,1066.1,0.0187290969899665,0.016155695888008623
2006-08-18,1055.9,-0.009567582778350792,0.016308995909722665
2006-08-21,1067.6,0.011080594753290818,0.01464798145071093
2006-08-22,1064.8,-0.0026227051330085516,0.01474729746432426
2006-08-23,1061.9,-0.0027235161532680463,0.014549961426879305
2006-08-24,1106.85,0.042329786232225164,0.016850490192510274
2006-08-25,1110.65,0.003433166192347903,0.016815192058379523
2006-08-28,1122.1,0.010309278350515205,0.015641360818465313
2006-08-29,1118.85,-0.0028963550485696654,0.015716422836809872
2006-08-30,1128.8,0.008893059838226858,0.01569420786138817
2006-08-31,1117.35,-0.010143515237420297,0.016146297192716395
2006-09-01,1122.5,0.00460911979236589,0.016010802922869483
2006-09-04,1131.6,0.008106904231625744,0.014698831677502276
2006-09-05,1125.95,-0.004992930364086101,0.01417658513838369
2006-09-06,1137.5,0.010258004351880512,0.013749989883290879
2006-09-07,1125.7,-0.010373626373626377,0.014299109326160766
2006-09-08,1130.8,0.004530514346628767,0.013822637392860312
2006-09-11,1087.7,-0.03811460912628217,0.01589136643834857
2006-09-12,1106.85,0.017605957525052673,0.015870613115395373
2006-09-13,1116.15,0.0084022225233773,0.01561834812462016
2006-09-14,1126.35,0.009138556645611917,0.015264292516926424
2006-09-15,1140.6,0.012651484884804942,0.015119836099029319
2006-09-18,1133.45,-0.006268630545326892,0.015188187680875166
2006-09-19,1117.85,-0.013763289073183804,0.015607863455122923
2006-09-20,1128.15,0.009214116384130389,0.015623847831183911
2006-09-21,1138.9,0.009528874706377755,0.012751872976868276
2006-09-22,1156.0,0.01501448766353497,0.013102117799651564
2006-09-25,1163.1,0.0061418685121106265,0.012997164467506603
2006-09-26,1179.1,0.013756340813343648,0.013206983630771791
2006-09-27,1174.05,-0.004282927656687252,0.013210935835150692
2006-09-28,1168.0,-0.005153102508411056,0.013014154044227807
2006-09-29,1171.75,0.003210616438356073,0.013004850527271806
2006-10-03,1161.8,-0.008491572434393024,0.01313904031982311
2006-10-04,1149.05,-0.01097435014632464,0.013358472050261859
2006-10-05,1154.9,0.005091162264479365,0.013221330928929633
2006-10-06,1162.85,0.006883712875573433,0.013012236931855563
2006-10-09,1153.45,-0.008083587737025333,0.013172843010529772
2006-10-10,1150.9,-0.002210759027265974,0.009479735084582476
2006-10-11,1143.3,-0.006603527673994414,0.009034330905353816
2006-10-12,1168.75,0.022260124201871845,0.010052668387083076
2006-10-13,1190.7,0.018780748663101754,0.010610931883189885
2006-10-16,1213.4,0.01906441588981278,0.011012478007119905
2006-10-17,1215.2,0.0014834349761001508,0.010797640931391551
2006-10-18,1208.5,-0.0055134957208690105,0.010245142272466359
2006-10-19,1197.1,-0.00943318163012008,0.01058431261636622
2006-10-20,1203.55,0.005388021050872993,0.010490444842355078
2006-10-21,1201.2,-0.0019525570188192454,0.010132011626854407
2006-10-23,1193.85,-0.006118881118881259,0.010236563461115926
2006-10-26,1174.95,-0.01583113456464369,0.01048497247454222
2006-10-27,1222.7,0.04064002723520144,0.01382654708704674
2006-10-30,1236.15,0.011000245358632643,0.013850993792196705
2006-10-31,1226.0,-0.008210977632164496,0.014072478762400968
2006-11-01,1264.4,0.03132137030995108,0.015225562412875242
2006-11-02,1283.35,0.014987345776652727,0.014954675415781504
2006-11-03,1287.7,0.0033895663692680156,0.014962842969937164
2006-11-06,1304.5,0.013046517045895767,0.015054669194682452
2006-11-07,1291.3,-0.010118819471061746,0.015160460365937909
2006-11-08,1252.25,-0.030240842561759407,0.01710750413597527
2006-11-09,1260.6,0.006667997604312248,0.01691589850901996
2006-11-10,1285.3,0.01959384420117405,0.01678294936230103
2006-11-13,1285.4,7.780284758429623e-05,0.01648709764854142
2006-11-14,1279.4,-0.004667807686323355,0.016194369945229194
2006-11-15,1262.65,-0.013092074409879584,0.016578966906810957
2006-11-16,1265.75,0.0024551538431076825,0.016483192173953658
2006-11-17,1259.25,-0.005135295279478536,0.0163476414725947
2006-11-20,1259.0,-0.0001985308715505285,0.016346302649895478
2006-11-21,1274.05,0.011953931691818909,0.016447735700108355
2006-11-22,1278.15,0.0032180840626350182,0.016304904187645033
2006-11-23,1271.95,-0.0048507608653132195,0.01579510543856032
2006-11-24,1262.35,-0.007547466488462717,0.013423905209076867
2006-11-27,1252.85,-0.007525646611478587,0.013386228617163057
2006-11-28,1250.7,-0.0017160873209082217,0.013235169177733444
2006-11-29,1249.3,-0.0011193731510354965,0.011159042453476438
2006-11-30,1244.45,-0.0038821740174497243,0.010558575160993252
2006-12-01,1261.05,0.013339226164168938,0.011024435056988104
2006-12-04,1259.9,-0.0009119384639783013,0.010519520870605308
2006-12-05,1279.55,0.0155964759107865,0.010995224664595005
2006-12-06,1281.35,0.0014067445586338767,0.008459402578729633
2006-12-07,1301.0,0.015335388457486276,0.008962246075989284
2006-12-08,1269.15,-0.02448116833205216,0.009697764452902618
2006-12-11,1240.0,-0.022968128274829636,0.010908206840944176
2006-12-12,1205.4,-0.027903225806451548,0.012375184252237527
2006-12-13,1238.4,0.027376804380288666,0.013842701356211956
2006-12-14,1259.45,0.016997739018087765,0.014397810687659678
2006-12-15,1253.7,-0.004565484933899744,0.0143879885593962
2006-12-18,1289.1,0.02823642019621908,0.01572301831800656
2006-12-19,1253.55,-0.027577379567139793,0.016763480508770797
2006-12-20,1248.9,-0.0037094651190617833,0.016750325311730836
2006-12-21,1261.45,0.010048842981823958,0.01690179492489361
2006-12-22,1272.55,0.00879939751872838,0.01692701351478513
2006-12-26,1277.0,0.0034969156418216407,0.016829784347688677
2006-12-27,1293.35,0.012803445575567673,0.017014516564695447
2006-12-28,1274.7,-0.014419917269107296,0.01739105007030222
2006-12-29,1270.15,-0.003569467325645226,0.017386426884725147
2007-01-02,1280.9,0.008463567295201369,0.01724033349343544
2007-01-03,1284.55,0.0028495589038954883,0.017239782229262066
2007-01-04,1280.5,-0.0031528550854384996,0.01691738564934312
2007-01-05,1288.15,0.005974228816868488,0.0169656717017505
2007-01-08,1276.85,-0.008772270310134833,0.016703193774906883
2007-01-09,1278.3,0.0011356071582411253,0.01574677981750399
2007-01-10,1273.15,-0.0040287882343736925,0.014803885278796681
2007-01-11,1296.5,0.018340336959509873,0.013539574171652843
2007-01-12,1339.5,0.03316621673736986,0.014121002046907541
2007-01-15,1364.95,0.01899962672639055,0.014224506382473408
2007-01-16,1346.95,-0.013187296237957447,0.014626733505497811
2007-01-17,1349.85,0.002153012361260531,0.01343788046966441
2007-01-18,1367.4,0.013001444604956225,0.011614711242721733
2007-01-19,1382.75,0.011225683779435336,0.01154446041506516
2007-01-22,1373.85,-0.006436449105044373,0.011763939558713191
2007-01-23,1360.55,-0.009680823961858986,0.01211591855913539
2007-01-24,1369.5,0.006578222042556314,0.012136546967875939
2007-01-25,1370.6,0.0008032128514054993,0.011951370081211249
2007-01-29,1382.3,0.00853640741281203,0.011276424747843553
2007-01-31,1366.45,-0.01146639658540105,0.011690496526691716
2007-02-01,1377.6,0.008159830216985409,0.011684212529432988
2007-02-02,1375.05,-0.0018510452961671975,0.011749524082868442
2007-02-05,1387.35,0.008945129268026486,0.011701671792202661
2007-02-06,1389.2,0.0013334774930624516,0.011708139046308986
2007-02-07,1394.9,0.004103080909876322,0.011325428419671749
2007-02-08,1397.05,0.0015413291275359065,0.01131946272191747
2007-02-09,1391.8,-0.0037579184710639923,0.011308863342546731
2007-02-12,1358.95,-0.023602529099008396,0.012444151592328263
2007-02-13,1366.0,0.005187828838441488,0.01017202623819071
2007-02-14,1377.05,0.008089311859443615,0.009422513424359198
2007-02-15,1406.95,0.021713082313641552,0.009973055443150547
2007-02-19,1420.75,0.009808450904438715,0.01011588126986454
2007-02-20,1414.6,-0.004328699630476884,0.009919388388048891
2007-02-21,1406.75,-0.005549271878976358,0.009783837698038986
2007-02-22,1412.05,0.0037675493157987017,0.009645862467461937
2007-02-23,1413.25,0.0008498282638718102,0.009289031840944047
2007-02-26,1406.55,-0.004740845568724561,0.009336458186335293
2007-02-27,1405.45,-0.000782055383740321,0.009348308318163304
2007-02-28,1352.5,-0.03767476608915299,0.012607681151267132
2007-03-01,1367.75,0.011275415896488061,0.012640741996134871
2007-03-02,1316.2,-0.037689636263937065,0.015037146252683483
2007-03-05,1259.35,-0.043192523932533144,0.01761226449410218
2007-03-06,1297.85,0.030571326477945027,0.01906779238556796
2007-03-07,1288.65,-0.007088646607851357,0.019056471279000134
2007-03-08,1335.55,0.036394676599541986,0.021009166688218135
2007-03-09,1318.2,-0.012990902624386846,0.021132622662586305
2007-03-12,1315.7,-0.0018965255651646196,0.021131756940156298
2007-03-13,1326.75,0.008398571102834929,0.020663651359789936
2007-03-14,1285.35,-0.0312040700960996,0.0216685145882273
2007-03-15,1283.4,-0.0015170965106778844,0.02152007804809007
2007-03-16,1300.15,0.013051270063892728,0.021072839974036126
2007-03-19,1313.55,0.010306503095796504,0.02108996441311752
2007-03-20,1322.95,0.00715617981805039,0.021227907969053772
2007-03-21,1340.0,0.012887864242790759,0.021515596823455874
2007-03-22,1375.25,0.02630597014925362,0.022416326975927284
2007-03-23,1376.05,0.000581712415924418,0.02241519291403321
2007-03-26,1364.55,-0.00835725446023039,0.022460713984316906
2007-03-28,1350.0,-0.010662855886556022,0.022557800257755757
2007-03-29,1357.2,0.005333333333333412,0.02094707054894658
2007-03-30,1370.3,0.0096522251694664,0.02090575108272025
2007-04-02,1313.95,-0.04112238196015461,0.021245413111529186
2007-04-03,1340.75,0.020396514327029047,0.019067262278646375
2007-04-04,1363.25,0.016781652060414043,0.018261898948478614
2007-04-05,1358.85,-0.0032275811479920424,0.018174056848102065
2007-04-09,1384.3,0.018729072377377864,0.016836103075430472
2007-04-10,1384.4,7.223867658745498e-05,0.016476323928551927
2007-04-11,1386.6,0.0015891360878357297,0.01644484884368004
2007-04-12,1387.5,0.0006490696668108864,0.016396164266073373
2007-04-13,1411.95,0.01762162162162162,0.014679091629084012
2007-04-16,1457.75,0.03243740925670169,0.015827262831428927
2007-04-17,1475.8,0.012382095695421036,0.015813406047095413
2007-04-18,1485.35,0.00647106654018148,0.015787738880009686
2007-04-19,1492.35,0.004712693977850346,0.0157900874005192
2007-04-20,1541.45,0.032901129091701176,0.016838146514260834
2007-04-23,1554.3,0.00833630672418817,0.016231377483879404
2007-04-24,1582.95,0.018432734993244715,0.0163924829469781
2007-04-25,1598.4,0.009760257746612266,0.015985602773283748
2007-04-26,1596.85,-0.0009697197197198193,0.015528409873692715
2007-04-27,1539.2,-0.03610232645520861,0.018466018708270176
2007-04-30,1561.05,0.014195686070685998,0.018534979324915785
2007-05-03,1626.15,0.04170270010569821,0.016419157951698172
2007-05-04,1583.15,-0.0264428250776374,0.018225933246223108
2007-05-07,1606.5,0.014749076208824041,0.018182949539071465
2007-05-08,1593.15,-0.00830999066293181,0.018388361515211577
2007-05-09,1598.25,0.0032012051595893265,0.018245251438462697
2007-05-10,1581.4,-0.010542781166901216,0.018619260262124848
2007-05-11,1589.1,0.004869103326166524,0.018585001738753226
2007-05-14,1620.25,0.019602290604744832,0.01872665194211987
2007-05-15,1598.5,-0.013423854343465491,0.019164381274112515
2007-05-16,1634.7,0.022646230841413928,0.01858035140168755
2007-05-17,1685.25,0.030923105156909436,0.019366265138025775
2007-05-18,1698.45,0.00783266577659103,0.019367309445898494
2007-05-21,1760.95,0.036798257234537335,0.020473566660960858
2007-05-22,1779.25,0.010392117890911212,0.01966477266336591
2007-05-23,1756.15,-0.01298299845440487,0.020181389352890454
2007-05-24,1727.2,-0.01648492440850724,0.02058438852934142
2007-05-25,1728.05,0.0004921259842518566,0.020565724734593546
2007-05-28,1723.9,-0.0024015508810507624,0.020586809809223252
2007-05-29,1756.9,0.019142641684552375,0.018520372870848675
2007-05-30,1752.85,-0.002305196653196062,0.018541001011107335
2007-05-31,1758.8,0.003394471860113546,0.016524713557500334
2007-06-01,1751.25,-0.004292699567887137,0.015049363412398717
2007-06-04,1741.95,-0.005310492505353315,0.015045447190076309
2007-06-05,1745.4,0.0019805390510634346,0.014769915891829887
2007-06-06,1691.3,-0.03099576028417561,0.016790850904241345
2007-06-07,1669.15,-0.013096434695204828,0.01690828632759754
2007-06-08,1657.05,-0.007249198693946135,0.0170482598528877
2007-06-11,1666.15,0.0054916870341874535,0.01657708203839796
2007-06-12,1698.9,0.01965609338895047,0.01665687729337455
2007-06-13,1675.4,-0.013832479839896439,0.016408674035488412
2007-06-14,1696.05,0.01232541482631011,0.015121485574380438
2007-06-15,1681.9,-0.008342914418796532,0.015137154244539073
2007-06-18,1671.6,-0.006124026398715898,0.012380159870186414
2007-06-19,1726.55,0.032872696817420444,0.014460605242352242
2007-06-20,1732.95,0.0037068141669804877,0.014237024262359297
2007-06-21,1734.35,0.0008078709714647303,0.013735814983773974
2007-06-22,1705.1,-0.01686510796552021,0.014261063006996132
2007-06-25,1709.15,0.002375227259398427,0.014268805364797094
2007-06-26,1703.25,-0.003452008308223453,0.013520505047635996
2007-06-27,1698.55,-0.0027594305005137487,0.013522376003393791
2007-06-28,1692.0,-0.0038562303140914356,0.013481793172242679
2007-06-29,1700.55,0.005053191489361675,0.01355437239777486
2007-07-02,1684.3,-0.009555731969068781,0.013652040050905872
2007-07-03,1707.3,0.013655524550258313,0.014056497957409956
2007-07-04,1718.15,0.006355063550635531,0.012224662170455858
2007-07-05,1709.85,-0.004830777289526633,0.01186241265624014
2007-07-06,1709.9,2.9242331198719995e-05,0.011697752230381362
2007-07-09,1710.95,0.0006140709983040171,0.01166392183233931
2007-07-10,1702.7,-0.004821882579853276,0.010906185332029965
2007-07-11,1703.3,0.00035238151171657073,0.010397166872432851
2007-07-12,1719.35,0.009422884987964508,0.010248144985639045
2007-07-13,1773.05,0.031232733300375237,0.012063661253542343
2007-07-16,1776.7,0.00205859958828003,0.011885711970691047
2007-07-17,1827.85,0.028789328530421487,0.011371683689806617
2007-07-18,1822.65,-0.00284487239106046,0.01144184206492412
2007-07-19,1892.8,0.0384879159465612,0.013958669764159314
2007-07-20,1892.15,-0.00034340659340648116,0.013091403770299227
2007-07-23,1909.2,0.009010913511085183,0.013097513826143652
2007-07-24,1912.6,0.0017808506180598815,0.01295806543862018
2007-07-25,1902.6,-0.005228484785109289,0.013056211429893282
2007-07-26,1941.95,0.020682224324608534,0.013255637816684726
2007-07-27,1867.5,-0.03833775328921962,0.01669490142949731
2007-07-30,1848.75,-0.010040160642570295,0.016717200697389783
2007-07-31,1893.5,0.024205544286680203,0.017171572490514375
2007-08-01,1797.75,-0.05056773171375761,0.021230247695217124
2007-08-02,1800.55,0.0015575024335974241,0.021162373488142924
2007-08-03,1801.15,0.00033323151259345707,0.02116038627233414
2007-08-06,1780.15,-0.01165921772201095,0.021404202825127564
2007-08-07,1810.2,0.016880599949442354,0.02157870312694984
2007-08-08,1875.45,0.03604574080212131,0.022766402273313193
2007-08-09,1845.8,-0.015809539043962872,0.0232075461975345
2007-08-10,1809.05,-0.019910066096001766,0.02284184033498884
2007-08-13,1829.2,0.011138442829109252,0.02294864540537627
2007-08-14,1833.05,0.0021047452438223146,0.02204940793474347
2007-08-16,1739.05,-0.051280652464471776,0.02489760455586868
2007-08-17,1752.9,0.00796411834047328,0.023156734974093984
2007-08-20,1798.0,0.025728792287067037,0.024064238644395965
2007-08-21,1746.85,-0.028448275862068995,0.024591980136127293
2007-08-22,1766.2,0.011077081604030203,0.02479684001343675
2007-08-23,1744.0,-0.012569357943607806,0.024875201356868847
2007-08-24,1776.35,0.01854931192660536,0.02476795047308551
2007-08-27,1833.8,0.03234159934697556,0.024675683649516604
2007-08-28,1882.5,0.02655687643145388,0.0252895040584296
2007-08-29,1889.7,0.003824701195219049,0.024718385369114852
2007-08-30,1912.05,0.011827274170503221,0.021731657270997976
2007-08-31,1960.9,0.025548495070735644,0.02228476907552763
2007-09-03,1957.95,-0.0015044112397368803,0.02230668378807589
2007-09-04,1972.9,0.007635537168977802,0.02198964669418944
2007-09-05,1964.6,-0.004207004916620294,0.021914873820535
2007-09-06,1982.85,0.009289422783263834,0.02065750877372769
2007-09-07,1962.9,-0.010061275436871076,0.02042076972132952
2007-09-10,1985.6,0.01156452188089041,0.019741025521522133
2007-09-11,1990.1,0.0022663174858985613,0.01969199647975244
2007-09-12,2013.15,0.011582332546103302,0.019747550540605657
2007-09-13,2027.5,0.00712813252862432,0.014670604989781219
2007-09-14,2034.75,0.003575832305795279,0.014700879856785943
2007-09-17,2028.3,-0.0031699225949134435,0.01423659653657413
2007-09-18,2058.05,0.014667455504609794,0.011774911554330234
2007-09-19,2173.9,0.05629114938898461,0.01594050361112358
2007-09-20,2190.3,0.007544045264271659,0.01501213811725267
2007-09-21,2280.45,0.04115874537734543,0.016357009632227762
2007-09-24,2355.5,0.032910171238133,0.01639340997399371
2007-09-25,2399.6,0.01872213967310543,0.016137001522887693
2007-09-26,2321.95,-0.03235955992665451,0.018927816098429532
2007-09-27,2318.3,-0.0015719546071188972,0.01911533450248457
2007-09-28,2298.05,-0.008734848811629226,0.019170626638581413
2007-10-01,2292.2,-0.0025456365179175044,0.019199577738815466
2007-10-03,2395.9,0.04524038042055678,0.020917784094308257
2007-10-04,2425.9,0.012521390709128166,0.020654085325902932
2007-10-05,2492.5,0.027453728513129105,0.020980902446539395
2007-10-08,2421.2,-0.02860581745235713,0.022358228822839086
2007-10-09,2600.0,0.07384767883694043,0.02643824398167974
2007-10-10,2618.4,0.007076923076923203,0.02634860078542898
2007-10-11,2630.55,0.004640238313473821,0.026429622263467196
2007-10-12,2565.75,-0.024633631750014318,0.027771148737394037
2007-10-15,2666.35,0.039208808340641,0.028326117549761172
2007-10-16,2651.55,-0.005550659140772907,0.028406881872859304
2007-10-17,2687.55,0.01357696441703915,0.028406305164217417
2007-10-18,2583.15,-0.038845788915555124,0.028879773273723222
2007-10-19,2469.3,-0.044074095580976635,0.03123235502154993
2007-10-22,2410.05,-0.023994654355485312,0.030819087577384614
2007-10-23,2599.85,0.07875355283085406,0.034615010094381005
2007-10-24,2615.05,0.005846491143719934,0.034475732627847
2007-10-25,2628.05,0.004971224259574303,0.03334650553664412
2007-10-26,2698.3,0.026730846064572544,0.03357545621398953
2007-10-29,2827.9,0.04803024126301736,0.0344611140933171
2007-10-30,2769.5,-0.020651366738569266,0.035067676069360856
2007-10-31,2783.8,0.0051633868929410465,0.03408385790940434
2007-11-01,2680.6,-0.03707162870895908,0.035517068582954434
2007-11-02,2713.3,0.012198761471312602,0.035185156084779706
2007-11-05,2661.15,-0.01922013783953125,0.034775931829061316
2007-11-06,2666.2,0.0018976758168460783,0.030806627224786377
2007-11-07,2770.9,0.039269372140124714,0.031922995312838785
2007-11-08,2742.85,-0.010123064708217666,0.03206106199061572
2007-11-09,2734.4,-0.003080737189419702,0.03145490651786603
2007-11-12,2675.6,-0.02150380339379765,0.030764820396762968
2007-11-13,2693.1,0.006540589026760246,0.030756060030767786
2007-11-14,2888.45,0.0725372247595708,0.034589566556596806
2007-11-15,2875.1,-0.004621856012740344,0.03316687283077534
2007-11-16,2881.65,0.002278181628465159,0.0310440531949833
2007-11-19,2850.9,-0.010670969756910065,0.03045422748247166
2007-11-20,2784.85,-0.023168122347329012,0.026401539036443523
2007-11-21,2709.5,-0.027057112591342358,0.027275874996873988
2007-11-22,2724.75,0.00562834471304674,0.027279882690071925
2007-11-23,2811.2,0.031727681438664,0.027538459175249982
2007-11-26,2884.55,0.026092060330108247,0.02602056249047169
2007-11-27,2843.3,-0.014300324140680498,0.025776070233862962
2007-11-28,2792.3,-0.017936904301339984,0.02612441159038306
2007-11-29,2812.55,0.0072520860939011556,0.024608020143631074
2007-11-30,2851.65,0.013901975075998552,0.024645588529029396
2007-12-03,2934.9,0.02919362474356957,0.024749203815565442
2007-12-04,2862.5,-0.02466864288391435,0.025632522469496034
2007-12-05,2901.4,0.013589519650655024,0.024378155913519862
2007-12-06,2873.8,-0.00951264906596816,0.02436179095488301
2007-12-07,2841.45,-0.01125687243371154,0.024530346406707582
2007-12-10,2822.95,-0.006510760351229106,0.023990920947463728
2007-12-11,2885.65,0.02221080784285956,0.02436722559035169
2007-12-12,2880.9,-0.0016460762739763934,0.018211589450861043
2007-12-13,2832.75,-0.016713527022805375,0.018571173780985595
2007-12-14,2888.65,0.01973347453887575,0.01911469355378127
2007-12-17,2775.1,-0.039309019784328436,0.020962676362289073
2007-12-18,2727.55,-0.017134517675038596,0.020670317522168802
2007-12-19,2703.8,-0.008707448076112234,0.01983557427528676
2007-12-20,2713.65,0.0036430209335009955,0.019811307990598073
2007-12-24,2788.55,0.027601201333996572,0.019482048768996108
2007-12-26,2896.5,0.038711875347402724,0.02055411001765446
2007-12-27,2893.85,-0.000914897289832628,0.020265916098705938
2007-12-28,2894.85,0.00034556041259903303,0.01976940602021858
2007-12-31,2882.7,-0.004197108658479776,0.01977479181462852
2008-01-01,2848.25,-0.01195060186630581,0.01976074836384185
2008-01-02,2861.75,0.004739752479592685,0.018589307584391798
2008-01-03,2903.7,0.01465886258408311,0.018036518754479865
2008-01-04,2993.0,0.030753865757481957,0.01905334061752414
2008-01-07,3020.25,0.009104577347143428,0.01892968382348408
2008-01-08,3054.65,0.011389785613773684,0.01872979276055966
2008-01-09,3033.65,-0.006874764702993752,0.01874050333386961
2008-01-10,3027.8,-0.0019283701152077448,0.018261700027554714
2008-01-11,3127.6,0.032961225972653274,0.01944303238230632
2008-01-14,3220.85,0.029815193758792713,0.019580084408947877
2008-01-15,3165.55,-0.017169380753527697,0.02001348039904751
2008-01-16,3093.65,-0.022713272575065946,0.018365610785665957
2008-01-17,2996.55,-0.03138687311105004,0.019533807828552602
2008-01-18,2799.6,-0.06572558442208554,0.025015162567163792
2008-01-21,2540.8,-0.09244177739677084,0.032729068492971476
2008-01-22,2357.45,-0.07216231108312354,0.03535510092586756
2008-01-23,2550.7,0.08197416700248139,0.039435324058199946
2008-01-24,2488.9,-0.024228643117575444,0.03963404885486405
2008-01-25,2615.4,0.050825665956848454,0.0416651294452995
2008-01-28,2566.4,-0.01873518391068285,0.04179119353258263
2008-01-29,2576.9,0.0040913341645885115,0.04180379839919671
2008-01-30,2471.9,-0.0407466335519423,0.04252565397269942
2008-01-31,2478.9,0.002831829766576366,0.0422986339771357
2008-02-01,2542.75,0.02575739239178665,0.04207798273115743
2008-02-04,2591.2,0.01905417363091133,0.04233974331193557
2008-02-05,2617.1,0.009995368941031257,0.04230940190150376
2008-02-06,2552.5,-0.02468381032440481,0.04249715474956741
2008-02-07,2425.45,-0.04977473065621951,0.04348848469603786
2008-02-08,2426.4,0.00039167989445276774,0.04238605834462505
2008-02-11,2277.0,-0.061572700296735894,0.042594627012063485
2008-02-12,2324.85,0.021014492753623104,0.04340267933879473
2008-02-13,2389.5,0.027808245693270672,0.044353871588097914
2008-02-14,2516.75,0.05325381879054203,0.04638665332399397
2008-02-15,2593.95,0.03067448097745107,0.0450232454202766
2008-02-18,2553.7,-0.015516875807166652,0.039967181742439524
2008-02-19,2554.55,0.0003328503739672417,0.03607977671559582
2008-02-20,2484.0,-0.02761738858115914,0.031782255944703755
2008-02-21,2496.3,0.004951690821256127,0.03131856248577411
2008-02-22,2434.45,-0.024776669470816914,0.02944602995492449
2008-02-25,2551.45,0.048060136786543195,0.03131552946169359
2008-02-26,2576.65,0.009876736757530091,0.031380249576634336
2008-02-27,2588.45,0.00457958977742412,0.029846471297799784
2008-02-28,2533.25,-0.021325503679808344,0.030327163925290147
2008-02-29,2463.45,-0.027553537945327222,0.030427791646239887
2008-03-03,2306.0,-0.06391442895126742,0.03307054859686581
2008-03-04,2243.2,-0.027233304423243787,0.0332123492673228
2008-03-05,2292.75,0.022088980028530658,0.03355777381275211
2008-03-07,2248.25,-0.019409006651401106,0.032070414997247124
2008-03-10,2274.55,0.011697987323473935,0.03223802123690586
2008-03-11,2347.9,0.03224813699413076,0.029971227984324646
2008-03-12,2374.6,0.011371864219089423,0.029725157781233746
2008-03-13,2243.05,-0.055398804009096136,0.031609415640182804
2008-03-14,2322.6,0.03546510331914132,0.030170189573706586
2008-03-17,2180.2,-0.0613106001894429,0.031650072636133016
2008-03-18,2151.0,-0.013393266672782178,0.03162767916961014
2008-03-19,2159.1,0.003765690376569042,0.03168490417767399
2008-03-24,2200.25,0.019058867120559597,0.0318739226611605
2008-03-25,2313.8,0.05160777184410881,0.03429867211486652
2008-03-26,2299.45,-0.006201918921255212,0.03393391807520064
2008-03-27,2270.8,-0.012459501185065891,0.03184099725879861
2008-03-28,2352.45,0.03595649110445631,0.033008798939863915
2008-03-31,2265.8,-0.03683393908478383,0.03373211116948231
2008-04-01,2345.25,0.03506487774737388,0.03473335124129695
2008-04-02,2343.55,-0.0007248694169064152,0.034260964310351825
2008-04-03,2396.05,0.022401911629792437,0.03135493632788677
2008-04-04,2321.15,-0.03125978172408761,0.0315673469857364
2008-04-07,2404.9,0.03608125282726227,0.03218073835869866
2008-04-08,2381.75,-0.009626179882739394,0.03189711466627836
2008-04-09,2418.25,0.015324866169833085,0.03195717364830745
2008-04-10,2468.65,0.020841517626382755,0.03151693224994543
2008-04-11,2551.55,0.03358110708281847,0.03221153231853843
2008-04-15,2611.8,0.023613097920871517,0.029238629922960908
2008-04-16,2642.5,0.011754345661995513,0.02854079607328957
2008-04-17,2640.05,-0.0009271523178807639,0.023739610138368155
2008-04-21,2643.6,0.0013446715024336697,0.023201771857234176
2008-04-22,2607.35,-0.013712361930700578,0.023795030265793427
2008-04-23,2577.6,-0.011410052352004874,0.02414015079711267
2008-04-24,2582.65,0.001959186840471805,0.02189174426178134
2008-04-25,2624.5,0.016204286295084414,0.021821746146871046
2008-04-28,2591.4,-0.012611926081158242,0.021828873576710678
2008-04-29,2659.95,0.026452882611715633,0.021257920201198155
2008-04-30,2614.5,-0.01708678734562674,0.019534038805697988
2008-05-02,2674.75,0.023044559189137503,0.018808303759002432
2008-05-05,2669.2,-0.0020749602766614306,0.018838987637761897
2008-05-06,2650.0,-0.007193166491832659,0.018702105124859727
2008-05-07,2688.95,0.014698113207546992,0.016700964434623176
2008-05-08,2667.25,-0.008070064523326925,0.015608246837235497
2008-05-09,2528.4,-0.052057362451963574,0.02000820309951468
2008-05-12,2553.85,0.010065654168644134,0.019874350657043734
2008-05-13,2501.1,-0.020655089374865376,0.020070109718864543
2008-05-14,2530.75,0.011854783895086207,0.01874956700748472
2008-05-15,2622.95,0.03643188778030226,0.019797699776060558
2008-05-16,2635.7,0.004860939019043498,0.019649079478071933
2008-05-20,2602.95,-0.012425541601851497,0.01984658203999119
2008-05-21,2667.7,0.02487562189054726,0.020644329719279826
2008-05-22,2626.05,-0.0156127000787194,0.02071819016498609
2008-05-23,2556.2,-0.026598884255821575,0.021445756329264192
2008-05-26,2515.6,-0.015882951255770217,0.021720684069387094
2008-05-27,2495.1,-0.008149149308316117,0.02138015060740794
2008-05-28,2522.5,0.01098152378662176,0.02143245565938343
2008-05-29,2462.7,-0.02370664023785929,0.02096493416949933
2008-05-30,2403.5,-0.02403865675884187,0.021255318693974994
2008-06-02,2358.8,-0.018597878094445575,0.02049443688984406
2008-06-03,2406.65,0.020285738511107265,0.021316963388796517
2008-06-04,2307.0,-0.04140610392038735,0.022826071786464276
2008-06-05,2246.8,-0.026094495015171137,0.022639168950606314
2008-06-06,2238.5,-0.003694142780843901,0.022666675360168326
2008-06-09,2162.7,-0.033861961134688534,0.021139166138737953
2008-06-10,2197.75,0.01620659360983967,0.02145107957182309
2008-06-11,2261.4,0.028961437834148507,0.02265581849181243
2008-06-12,2277.3,0.007031042716901137,0.02249450492829445
2008-06-13,2270.4,-0.003029903833487113,0.020289687151827013
2008-06-16,2282.35,0.005263389711064104,0.02030225974342649
2008-06-17,2332.9,0.022148224417815054,0.021262912950881327
2008-06-18,2287.1,-0.019632217411805097,0.020249395189177462
2008-06-19,2248.15,-0.017030300380394325,0.02028184756556204
2008-06-20,2099.2,-0.06625447590240874,0.023864810046868842
2008-06-23,2025.7,-0.035013338414634054,0.024507770526916
2008-06-24,2062.7,0.018265291010514773,0.02533776147608395
2008-06-25,2136.0,0.03553594802928206,0.02691114346275197
2008-06-26,2239.55,0.048478464419475786,0.029409014016555993
2008-06-27,2182.65,-0.025406889776964148,0.029458837753299626
2008-06-30,2095.15,-0.040088882780106694,0.030381776595723938
2008-07-01,2044.15,-0.024341932558528012,0.030027608329621036
2008-07-02,2144.0,0.04884670890101006,0.03144361342447821
2008-07-03,2070.1,-0.03446828358208964,0.03181823289991466
2008-07-04,2097.9,0.013429302932225662,0.03204525793637961
2008-07-07,2028.2,-0.033223699890366554,0.03201294312187967
2008-07-08,1979.45,-0.024036091115274605,0.03202567711800995
2008-07-09,2079.15,0.05036752633307229,0.03353307633044809
2008-07-10,2046.65,-0.015631387826756105,0.03353576549853511
2008-07-11,2016.1,-0.014926831651723593,0.033608314707327565
2008-07-14,2043.45,0.013565795347453058,0.033797517539749564
2008-07-15,1977.4,-0.032322787442805034,0.03369171457755294
2008-07-16,1943.5,-0.017143724082128053,0.033649876533577816
2008-07-17,2018.55,0.03861589915101615,0.03509594545073428
2008-07-18,2113.2,0.04689009437467484,0.03376008281567594
2008-07-21,2152.85,0.01876301343933373,0.03288186127660584
2008-07-22,2152.15,-0.00032515038205160884,0.03270653197784465
2008-07-23,2267.3,0.053504634899983694,0.03388366473717427
2008-07-24,2308.05,0.017972919331363357,0.03240816225200081
2008-07-25,2147.1,-0.06973419120036406,0.0357270942980283
2008-07-28,2179.9,0.015276419356341275,0.0346020992554518
2008-07-29,2083.1,-0.044405706683792956,0.03569644811627071
2008-07-30,2165.5,0.039556430320195846,0.03510413065901834
2008-07-31,2207.5,0.019395058877857307,0.03428957862739729
2008-08-01,2297.6,0.04081540203850498,0.0352291558744975
2008-08-04,2242.4,-0.02402506963788298,0.03475872659618965
2008-08-05,2276.05,0.01500624331073852,0.034096229319439605
2008-08-06,2298.6,0.009907515212758788,0.03258974583382068
2008-08-07,2272.6,-0.011311232924388737,0.03245609338778526
2008-08-08,2251.8,-0.009152512540702151,0.03228769130334832
2008-08-11,2325.25,0.032618349764632626,0.03279837353089917
2008-08-12,2347.25,0.009461348242124412,0.031465791681362175
2008-08-13,2336.85,-0.004430716796250955,0.031033505331491816
2008-08-14,2276.7,-0.02573977790615578,0.03121556861620718
2008-08-18,2224.8,-0.02279615232573451,0.030347304633175358
2008-08-19,2219.6,-0.002337288745055899,0.030137164416766702
2008-08-20,2246.35,0.01205172103081642,0.0302146849270376
2008-08-21,2212.65,-0.015002114541367018,0.027935074034108213
2008-08-22,2244.8,0.014530088355591664,0.027823404231346476
2008-08-25,2232.0,-0.005702066999287325,0.02271497766511201
2008-08-26,2179.35,-0.02358870967741944,0.02319354478499918
2008-08-27,2148.0,-0.014385023057333579,0.021021677340342684
2008-08-28,2070.85,-0.03591713221601489,0.020647430442794334
2008-08-29,2136.2,0.03155709008378205,0.021474192018774686
2008-09-01,2141.65,0.002551259245389126,0.0190846573962622
2008-09-02,2212.75,0.033198701935423625,0.0200829688728792
2008-09-04,2152.25,-0.027341543328437412,0.020590935151092924
2008-09-05,2080.9,-0.033151353234986636,0.02144850540872619
2008-09-08,2133.2,0.02513335575952702,0.022388757150566322
2008-09-09,2142.55,0.0043830864429028615,0.022395089006206143
2008-09-10,2082.65,-0.027957340552145826,0.02151060832968314
2008-09-11,1997.4,-0.040933426163781705,0.022616818058666437
2008-09-12,1932.65,-0.0324171422849705,0.023254565619897673
2008-09-15,1886.95,-0.023646288774480606,0.02318075991282233
2008-09-16,1928.05,0.021781181271363748,0.02392453791280435
2008-09-17,1876.65,-0.02665905967168891,0.024297795384218765
2008-09-18,1938.25,0.03282444781925231,0.025611890272846338
2008-09-19,2055.1,0.06028634077131434,0.029601739023158834
2008-09-22,2039.1,-0.007785509220962439,0.02931455901000541
2008-09-23,2006.45,-0.016011966063459337,0.02942929951439646
2008-09-24,2046.1,0.019761269904557732,0.02957673485993802
2008-09-25,2025.7,-0.00997018718537701,0.029501601060741813
2008-09-26,1963.2,-0.030853532112356197,0.029220252529029093
2008-09-29,1932.85,-0.015459453952730295,0.02823072631360244
2008-09-30,1949.35,0.008536616912848904,0.028342179028818613
2008-10-01,1906.7,-0.021879087901095162,0.027156412992943933
2008-10-03,1761.45,-0.07617873813394871,0.03099912608905068
2008-10-06,1641.6,-0.06804053478668148,0.03329614244265498
2008-10-07,1674.65,0.020132797270955294,0.033026199368534334
2008-10-08,1648.55,-0.015585346191741678,0.03282182760046071
2008-10-10,1527.6,-0.07336750477692522,0.03541538842888287
2008-10-13,1571.4,0.028672427336999373,0.03612235726418505
2008-10-14,1621.05,0.03159602901870939,0.03697795903646126
2008-10-15,1520.2,-0.062212763332407994,0.03879280223004066
2008-10-16,1391.95,-0.08436389948690959,0.04138711755331751
2008-10-17,1306.05,-0.06171198678113443,0.04261617597736093
2008-10-20,1320.9,0.011370161938670131,0.04155057249985477
2008-10-21,1394.95,0.05606026194261493,0.04113938722896732
2008-10-22,1316.8,-0.05602351338757672,0.04189364408497948
2008-10-23,1217.65,-0.07529617253948961,0.043601327936796275
2008-10-24,1019.5,-0.16273149098673678,0.052255089785739596
2008-10-27,1077.0,0.05640019617459546,0.0557745388237088
2008-10-28,1153.0,0.0705663881151346,0.06009283282656533
2008-10-29,1201.75,0.04228100607111873,0.06190837838820888
2008-10-31,1375.45,0.14453921364676514,0.07203304370558247
2008-11-03,1441.7,0.048166054745719666,0.0733607272173859
2008-11-04,1451.6,0.006866893251022965,0.07182867865050704
2008-11-05,1269.05,-0.12575778451364006,0.07547158558867617
2008-11-06,1170.55,-0.07761711516488712,0.07657321243093107
2008-11-07,1220.75,0.04288582290376319,0.07765454506802315
2008-11-10,1303.1,0.06745852959246368,0.07817857088071588
2008-11-11,1207.7,-0.07321003760263978,0.0791857788033085
2008-11-12,1162.2,-0.03767491926803013,0.07878285484206844
2008-11-14,1146.75,-0.013293753226639171,0.07794583378664824
2008-11-17,1141.4,-0.004665358622193083,0.0760140002913826
2008-11-18,1139.95,-0.0012703697213948262,0.0749208674391406
2008-11-19,1132.45,-0.006579235931400529,0.0748339195276439
2008-11-20,1056.05,-0.0674643472117975,0.07463114986589614
2008-11-21,1124.35,0.06467496804128592,0.07568172583826643
2008-11-24,1144.8,0.018188286565571365,0.07398506958586278
2008-11-25,1071.8,-0.0637665967854647,0.06536475632244772
2008-11-26,1138.9,0.06260496361261447,0.06563802487519982
2008-11-28,1134.45,-0.003907278953376059,0.06380021609641398
2008-12-01,1109.4,-0.022081184715060154,0.06323565168488843
2008-12-02,1073.95,-0.0319542094826033,0.05321685093530711
2008-12-03,1069.1,-0.004516038921737686,0.05141151185770221
2008-12-04,1159.1,0.08418295762791139,0.055751482988744834
2008-12-05,1117.6,-0.035803640755758814,0.04913011616488569
2008-12-08,1118.55,0.0008500357909806411,0.046080367698733894
2008-12-10,1227.2,0.0971346832953377,0.05022626994187857
2008-12-11,1259.0,0.02591264667535853,0.048169379465607
2008-12-12,1307.1,0.03820492454328828,0.04571395400429853
2008-12-15,1340.55,0.025591002983704314,0.04478956552971529
2008-12-16,1388.5,0.03576890082428852,0.04489948325015593
2008-12-17,1351.4,-0.026719481454807292,0.045558942751510054
2008-12-18,1361.0,0.007103744265206435,0.045493641910623384
2008-12-19,1351.3,-0.007127112417340209,0.04550423257704363
2008-12-22,1285.55,-0.04865684896026046,0.04399171953714708
2008-12-23,1259.75,-0.020069231068414295,0.042586631736163866
2008-12-24,1242.0,-0.01409009724151622,0.04273361801456959
2008-12-26,1210.15,-0.025644122383252754,0.040288258425242196
2008-12-29,1246.3,0.02987232987646138,0.038530143356421874
2008-12-30,1250.5,0.0033699751263740474,0.03847390619983128
2008-12-31,1232.75,-0.01419432227109152,0.03821516219375387
2009-01-01,1254.65,0.017765159196917457,0.0372232012408558
2009-01-02,1286.4,0.025305862192643414,0.03727387584792246
2009-01-05,1365.85,0.06176150497512434,0.03520295632429027
2009-01-06,1370.9,0.0036973313321375656,0.033641237049921814
2009-01-07,1200.75,-0.12411554453278872,0.045203206661822204
2009-01-09,1153.25,-0.039558609202581696,0.04056242868584971
2009-01-12,1097.9,-0.04799479731194445,0.04121903175444187
2009-01-13,1077.55,-0.018535385736406007,0.03995048620464107
2009-01-14,1179.75,0.0948447867848361,0.045680662247726024
2009-01-15,1142.35,-0.03170163170163176,0.044969175954571027
2009-01-16,1217.35,0.06565413402197229,0.04768638865067491
2009-01-19,1229.9,0.01030927835051565,0.04773144805001289
2009-01-20,1183.65,-0.03760468330758593,0.048320914032462775
2009-01-21,1119.85,-0.053901068728086976,0.04858107513103428
2009-01-22,1136.3,0.014689467339375817,0.04866319560948525
2009-01-23,1156.15,0.01746897826278282,0.04883029474636256
2009-01-27,1225.95,0.060372788997967275,0.050439198894620056
2009-01-28,1274.0,0.039194094375790245,0.05075361397588132
2009-01-29,1270.1,-0.003061224489795955,0.050767125308817614
2009-01-30,1323.6,0.042122667506495626,0.05137861556851936
2009-02-02,1280.0,-0.03294046539740092,0.05195483404613052
2009-02-03,1306.2,0.020468750000000036,0.051853263792643774
2009-02-04,1307.5,0.0009952534068289332,0.04991493576418812
2009-02-05,1288.8,-0.014302103250478093,0.04998838016273725
2009-02-06,1344.85,0.043490068280571004,0.041795352940558576
2009-02-09,1389.7,0.033349444175930554,0.04073264686853514
2009-02-10,1401.95,0.008814852126358241,0.03837754558069245
2009-02-11,1381.25,-0.014765148543100737,0.03822351083250099
2009-02-12,1351.55,-0.021502262443439002,0.03372911048874482
2009-02-13,1392.4,0.030224556990122498,0.03278393502100487
2009-02-16,1320.2,-0.05185291582878482,0.0328998578827666
2009-02-17,1267.3,-0.04006968641114994,0.03433529004096105
2009-02-18,1295.15,0.02197585417817427,0.0332812925834513
2009-02-19,1293.75,-0.0010809558738370528,0.030322226525669127
2009-02-20,1253.4,-0.03118840579710136,0.03147735672531738
2009-02-24,1253.25,-0.00011967448539973446,0.03136750874117618
2009-02-25,1266.55,0.010612407739876373,0.02854996001418506
2009-02-26,1290.8,0.019146500335557315,0.027508986651838218
2009-02-27,1266.05,-0.019174155562441952,0.027868276504952612
2009-03-02,1225.65,-0.03191027210615682,0.026908427717791564
2009-03-03,1196.85,-0.023497735895239402,0.0264433398910402
2009-03-04,1211.1,0.011906253916530884,0.026110264602785458
2009-03-05,1149.8,-0.05061514325819505,0.02812102507315033
2009-03-06,1169.9,0.017481301095842783,0.02852400788205179
2009-03-09,1153.35,-0.014146508248568446,0.02624753723959602
2009-03-12,1202.0,0.042181471366020906,0.027030424459177797
2009-03-13,1284.25,0.06842762063227958,0.031730225589791314
2009-03-16,1327.6,0.03375510998637332,0.03269582427357513
2009-03-17,1300.2,-0.020638746610424752,0.0326685408193805
2009-03-18,1331.4,0.023996308260267663,0.03237932637735204
2009-03-19,1345.7,0.01074057383205651,0.030234721312590848
2009-03-20,1339.2,-0.004830199895964893,0.028678238881491284
2009-03-23,1438.45,0.07411140979689357,0.03258307340415911
2009-03-24,1452.45,0.009732698390628736,0.03255332467667265
2009-03-25,1532.2,0.05490722572205575,0.03302436916846141
2009-03-26,1565.5,0.02173345516251146,0.03301242944262996
2009-03-27,1548.75,-0.010699457042478433,0.03339103338105431
2009-03-30,1516.45,-0.0208555286521388,0.03404570577782629
2009-03-31,1524.75,0.005473309373866586,0.03342674339595544
2009-04-01,1581.25,0.03705525495982953,0.03243312459464535
2009-04-02,1661.35,0.050656126482213404,0.032241758929077
2009-04-06,1671.6,0.006169681283293649,0.0323150667211056
2009-04-08,1725.15,0.03203517587939708,0.02828244415461421
2009-04-09,1735.75,0.006144393241167334,0.028466824013301247
2009-04-13,1773.55,0.021777329684574465,0.027288051803017167
2009-04-15,1830.05,0.03185700995179164,0.02698400186537964
2009-04-16,1735.0,-0.05193847162645826,0.029307660404118318
2009-04-17,1716.95,-0.0104034582132565,0.029527243270193067
2009-04-20,1715.4,-0.0009027636215381829,0.02864821771542715
2009-04-21,1706.1,-0.005421476040573747,0.02888048974935252
2009-04-22,1718.0,0.006974972158724668,0.028907344953492866
2009-04-23,1763.7,0.026600698486612284,0.02875935930506308
2009-04-24,1788.85,0.01425979474967387,0.025081404861498104
2009-04-27,1785.55,-0.001844760600385742,0.025251482263824093
2009-04-28,1737.15,-0.027106493797429243,0.024333637803562232
2009-04-29,1806.25,0.03977779696629535,0.025242656862087896
2009-05-04,1887.1,0.04476124567474038,0.026169685426759876
2009-05-05,1883.65,-0.0018282020030734314,0.025311002895991832
2009-05-06,1881.5,-0.001141401003371123,0.02543276195077453
2009-05-07,1915.55,0.018097262822216242,0.024749730481619797
2009-05-08,1900.3,-0.007961159980162336,0.023087554337808125
2009-05-11,1861.6,-0.020365205493869443,0.023886113406563055
2009-05-12,1959.9,0.05280403953588331,0.025490315307413525
2009-05-13,1933.0,-0.013725190060717485,0.025897355533571673
2009-05-14,1908.95,-0.012441800310398321,0.025910588848975763
2009-05-15,1950.7,0.02187066188218645,0.02543746432743888
2009-05-18,2367.55,0.21369252063361888,0.05123318830075657
2009-05-19,2230.9,-0.05771789402546945,0.053592750120815366
2009-05-20,2152.45,-0.03516517997220869,0.05464556721792501
2009-05-21,2115.45,-0.017189714046783933,0.05491373442644687
2009-05-22,2185.75,0.03323170011108756,0.05509787185725472
2009-05-25,2194.75,0.004117579778108116,0.05504435203375395
2009-05-26,2142.7,-0.0237156851577629,0.055625340698663955
2009-05-27,2186.35,0.020371493909553395,0.05558960379275898
2009-05-28,2220.55,0.01564250920483934,0.05484314277752554
2009-05-29,2271.9,0.023124901488369876,0.054551315320467676
2009-06-01,2282.2,0.004533650248690346,0.05405106399457096
2009-06-02,2279.2,-0.0013145210761545956,0.05404486330131678
2009-06-03,2245.9,-0.014610389610389518,0.05428536981422158
2009-06-04,2261.75,0.007057304421389965,0.054256576871281534
2009-06-05,2212.75,-0.021664640212225028,0.05457576531085504
2009-06-08,2194.0,-0.00847361880013553,0.05430394545855158
2009-06-09,2272.15,0.035619872379216044,0.0537158358904198
2009-06-10,2320.2,0.021147371432343798,0.05351650532857745
2009-06-11,2303.25,-0.00730540470649077,0.053413316519436316
2009-06-12,2362.1,0.025550852056876128,0.0534602790411929
2009-06-15,2178.8,-0.07760044028618596,0.029678877706901495
2009-06-16,2143.35,-0.016270424086653357,0.027039504299421674
2009-06-17,2051.35,-0.0429234609373178,0.02759562367179008
2009-06-18,2025.05,-0.012820825310161599,0.027486410172591964
2009-06-19,2041.5,0.008123256215895935,0.026351393379784694
2009-06-22,1952.5,-0.043595395542493254,0.02778705874620912
2009-06-23,2015.3,0.03216389244558249,0.028650366005397422
2009-06-24,2002.35,-0.006425842306356344,0.028138506127418167
2009-06-25,1958.1,-0.02209903363547827,0.028017010424982596
2009-06-26,2029.2,0.03631070936111547,0.028877622116000454
2009-06-29,2087.0,0.028484131677508406,0.029786123295455418
2009-06-30,2023.4,-0.03047436511739332,0.030354336870435983
2009-07-01,2058.8,0.01749530493229212,0.03069369405070833
2009-07-02,2011.35,-0.0230474062560716,0.03086652169238467
2009-07-03,2027.65,0.008104009744698937,0.03075799690529683
2009-07-06,1893.15,-0.0663329470076196,0.03378289030498568
2009-07-07,1855.45,-0.019913900113567307,0.03236575141237148
2009-07-08,1829.65,-0.01390498261877171,0.03155362382054369
2009-07-09,1853.4,0.012980624709644006,0.03201232203598924
2009-07-10,1775.15,-0.04221970432718247,0.031600797835218845
2009-07-13,1750.95,-0.01363265076190745,0.027801486170066562
2009-07-14,1814.05,0.03603757959964593,0.029630324976749344
2009-07-15,1876.3,0.03431548193269207,0.029855786486238503
2009-07-16,1935.4,0.0314981612748495,0.03079823910577936
2009-07-17,1937.05,0.000852536943267479,0.030717665175644598
2009-07-20,2033.3,0.04968896001652001,0.031175352370930127
2009-07-21,2018.65,-0.0072050361481335035,0.030437532818721105
2009-07-22,1975.7,-0.021276595744680882,0.030795086823040666
2009-07-23,2041.55,0.033329959001872744,0.031213493715075414
2009-07-24,2016.85,-0.012098650535132593,0.030322321835149244
2009-07-27,1940.65,-0.037781689267917695,0.03067978572524261
2009-07-28,1907.6,-0.01703037642027161,0.030193698854180065
2009-07-29,1930.4,0.01195219123505975,0.03002540023859211
2009-07-30,1900.3,-0.01559262329050981,0.029806082339645098
2009-07-31,1955.4,0.02899542177550929,0.03055077210861697
2009-08-03,2017.0,0.031502505881149556,0.02725596794608124
2009-08-04,2039.75,0.011279127416955914,0.02673158085296192
2009-08-05,2076.4,0.017967888221595896,0.026488882835055735
2009-08-06,2046.8,-0.014255442111346661,0.02684552456210706
2009-08-07,1997.75,-0.023964236857533683,0.02541650387029919
2009-08-10,1988.1,-0.004830434238518366,0.025129061037008772
2009-08-11,2000.4,0.006186811528595237,0.024160760051677863
2009-08-12,1990.7,-0.004849030193961212,0.023244532744692133
2009-08-13,2024.3,0.016878484955040962,0.022527207108336146
2009-08-14,2036.45,0.006002074791285894,0.022536963210203168
2009-08-17,1941.95,-0.04640428196125612,0.02224338322823386
2009-08-18,1941.2,-0.0003862097376348128,0.02221260319210666
2009-08-19,1885.85,-0.028513290747991027,0.022603463393727125
2009-08-20,1898.4,0.006654824084630473,0.021143914050884293
2009-08-21,1928.8,0.016013485040033748,0.02146814756215603
2009-08-24,1974.3,0.023589796764827975,0.020447627651495503
2009-08-25,2025.65,0.026009218457174743,0.02070672375402391
2009-08-26,2040.15,0.007158196134574135,0.020627817680142956
2009-08-27,2042.35,0.0010783520819546144,0.020169898318436595
2009-08-28,2074.1,0.015545817318285415,0.019498898552320124
2009-08-31,2005.1,-0.03326744129984094,0.0199134489010577
2009-09-01,1980.85,-0.012094159892274692,0.019896012378625077
2009-09-02,1971.15,-0.004896887699724739,0.01938245406025364
2009-09-03,1930.8,-0.02047028384445637,0.01963046693539633
2009-09-04,1981.15,0.026077273668945633,0.01996747853209094
2009-09-07,2002.85,0.010953234232642606,0.020087464511168458
2009-09-08,2075.6,0.03632323938387794,0.021604528761440422
2009-09-09,2168.45,0.04473405280400833,0.023528001186485147
2009-09-10,2147.45,-0.00968433673822311,0.02354511576623004
2009-09-11,2140.85,-0.0030734126522153904,0.02357613256554675
2009-09-14,2139.5,-0.0006305906532451111,0.02058331047198458
2009-09-15,2180.9,0.01935031549427446,0.020780826545836004
2009-09-16,2184.0,0.0014214315190976823,0.019177066002700336
2009-09-17,2086.15,-0.044803113553113505,0.022471056066911015
2009-09-18,2102.55,0.007861371425832209,0.02233364681572108
2009-09-22,2097.95,-0.0021878195524484,0.021917516713319606
2009-09-23,2101.7,0.0017874591863484834,0.02125407109431396
2009-09-24,2100.95,-0.00035685397535323293,0.0212255903159461
2009-09-25,2135.0,0.01620695399700134,0.02147104824559368
2009-09-29,2171.05,0.016885245901639534,0.021516121034503472
2009-09-30,2201.65,0.014094562538863542,0.019918583334455165
2009-10-01,2174.35,-0.012399791065791699,0.0199323996449575
2009-10-05,2139.1,-0.016211741439970617,0.020379455206361377
2009-10-06,2134.1,-0.0023374316301247866,0.01960852780853196
2009-10-07,2101.3,-0.01536947659434873,0.019475741589936108
2009-10-08,2119.65,0.008732689287583861,0.019435071583661243
2009-10-09,2099.75,-0.0093883424150214,0.017942657539934955
2009-10-12,2169.05,0.03300392903917149,0.01656763941446917
2009-10-14,2184.2,0.0069846246052418515,0.016466100715834688
2009-10-15,2171.5,-0.0058144858529437515,0.01651294224800455
2009-10-16,2218.75,0.021759152659452052,0.017154386373726765
2009-10-17,2225.2,0.0029070422535211193,0.01666413093246944
2009-10-20,2184.55,-0.01826802085205803,0.017218918381482727
2009-10-21,2182.2,-0.0010757364216887888,0.013607412523895796
2009-10-22,2135.2,-0.021537897534598116,0.01453591491560219
2009-10-23,2047.35,-0.04114368677407265,0.017312210541586805
2009-10-26,2015.35,-0.015629960680880184,0.01759627967751871
2009-10-27,1991.0,-0.012082268588582634,0.01773526134841341
2009-10-28,2034.15,0.021672526368659017,0.018078035350689248
2009-10-29,1999.4,-0.017083302607968975,0.01777775644088668
2009-10-30,1931.15,-0.034135240572171655,0.01845799756243001
2009-11-03,1818.55,-0.0583072262641432,0.021799225363289907
2009-11-04,1920.7,0.05617112534711732,0.0260706571054462
2009-11-05,1941.15,0.010647159889623614,0.026302332865979376
2009-11-06,1957.5,0.008422842129665264,0.026318026987907906
2009-11-09,2024.4,0.03417624521072793,0.02751342090331276
2009-11-10,2054.5,0.014868603042876849,0.027701623799730322
2009-11-11,2114.0,0.028960817717206044,0.027456207586976325
2009-11-12,2101.25,-0.006031220435193996,0.027413072251998214
2009-11-13,2119.5,0.008685306365258771,0.027486720855261496
2009-11-16,2153.6,0.016088700165133307,0.0272696102884036
2009-11-17,2132.35,-0.00986719910846956,0.027319515689713487
2009-11-18,2100.05,-0.01514760710014762,0.027229118505937247
2009-11-19,2083.8,-0.007737911002118958,0.027262873358392864
2009-11-20,2123.3,0.018955753911123807,0.027235271556851737
2009-11-23,2194.95,0.0337446427730419,0.02640555744571722
2009-11-24,2177.2,-0.008086744572769367,0.026165929724638822
2009-11-25,2194.7,0.008037846775675206,0.025892498964311
2009-11-26,1063.75,-0.5153096095138288,0.118982818990543
2009-11-27,1045.95,-0.01673325499412448,0.11898355144147099
2009-11-30,1063.5,0.016779004732539793,0.11924628801838082
2009-12-01,1098.0,0.03244005641748937,0.11940166733618002
2009-12-02,1100.45,0.0022313296903462287,0.11832457895034756
2009-12-03,1099.65,-0.0007269753282747038,0.1182107497704738
2009-12-04,1088.4,-0.010230527895239372,0.1180663601868528
2009-12-07,1055.0,-0.030687247335538514,0.11742527756164207
2009-12-08,1080.35,0.024028436018957322,0.11759433708594101
2009-12-09,1071.85,-0.007867820613689958,0.11704916322918169
2009-12-10,1071.8,-4.6648318328124105e-05,0.11710346332076753
2009-12-11,1071.25,-0.0005131554394476323,0.11699017863820702
2009-12-14,1067.95,-0.0030805134189031413,0.11672671849982273
2009-12-15,1051.6,-0.01530970551055777,0.11669717220340324
2009-12-16,1047.15,-0.004231647014073636,0.11677001541064787
2009-12-17,1034.95,-0.011650670868547985,0.11674422749504312
2009-12-18,1007.65,-0.026378085897869497,0.11629711153310095
2009-12-21,1016.95,0.009229395127276385,0.11575465514243144
2009-12-22,1019.2,0.0022124981562514634,0.1158703147616464
2009-12-23,1066.2,0.04611459968602816,0.11679221240404429
2009-12-24,1076.3,0.00947289439129606,0.018769617062156758
2009-12-29,1080.25,0.0036699804887114773,0.01831825869403459
2009-12-30,1076.05,-0.003887988891460359,0.01800747489495724
2009-12-31,1090.55,0.013475210259746184,0.01670234816735945
2010-01-04,1075.5,-0.013800375957085831,0.016961760624516195
2010-01-05,1070.7,-0.0044630404463039675,0.016979038940338562
2010-01-06,1088.0,0.016157653871299082,0.01726304499531097
2010-01-07,1106.05,0.016590073529411775,0.016013899198437934
2010-01-08,1103.15,-0.0026219429501377345,0.015215919091947768
2010-01-11,1081.5,-0.019625617549744012,0.015798793639076575
2010-01-12,1084.35,0.0026352288488209474,0.015804703457052895
2010-01-13,1088.6,0.003919398718126077,0.015817873119200066
2010-01-14,1121.7,0.03040602608855414,0.017092872834895044
2010-01-15,1110.75,-0.009761968440759605,0.016830000392503874
2010-01-18,1099.5,-0.010128291694800784,0.017011682305760518
2010-01-19,1085.0,-0.013187812642109997,0.017082674757997914
2010-01-20,1077.5,-0.00691244239631339,0.015861552724368438
2010-01-21,1054.05,-0.02176334106728539,0.016758346452446667
2010-01-22,1053.85,-0.00018974431952945015,0.016764785255712338
2010-01-25,1042.05,-0.011197039426863342,0.013340825894311651
2010-01-27,1027.55,-0.013914879324408602,0.013393834019222273
2010-01-28,1037.15,0.009342611065155104,0.013584062145828598
2010-01-29,1046.2,0.008725835221520484,0.013780573491122827
2010-02-01,1045.4,-0.0007646721468169693,0.01333687635826416
2010-02-02,1027.3,-0.01731394681461651,0.01352196889388296
2010-02-03,1033.95,0.006473279470456728,0.013646336993034289
2010-02-04,1019.15,-0.014314038396440854,0.013247970849339591
2010-02-05,981.7,-0.03674630819800806,0.014378805934408207
2010-02-06,993.75,0.012274625649383752,0.014929919765137595
2010-02-08,994.35,0.0006037735849055981,0.014575236420623769
2010-02-09,993.25,-0.0011062503142756919,0.014508222378819114
2010-02-10,985.1,-0.0082053863579159,0.014400592367373302
2010-02-11,1015.15,0.030504517307887502,0.01441330686461321
2010-02-15,1010.0,-0.005073141900211797,0.014367764778461146
2010-02-16,1017.75,0.007673267326732569,0.014560284839352265
2010-02-17,1032.55,0.014541881601572104,0.014930298451841673
2010-02-18,997.8,-0.033654544574112655,0.016476135207637705
2010-02-19,983.2,-0.014632190819803492,0.016138475185907598
2010-02-22,977.95,-0.005339707078925948,0.016126501719731623
2010-02-23,975.35,-0.0026586226289687653,0.01602768573231307
2010-02-24,978.8,0.0035371917773106,0.015886892442677762
2010-02-25,963.1,-0.01604004903964029,0.01592112739278725
2010-02-26,978.95,0.016457273388017946,0.01632429175516218
2010-03-02,983.2,0.0043413861790693176,0.01640393861585228
2010-03-03,1024.8,0.0423108218063466,0.01888362179572869
2010-03-04,1014.0,-0.01053864168618257,0.01896192025109254
2010-03-05,1009.8,-0.004142011834319614,0.018715270322246933
2010-03-08,1004.1,-0.00564468211527025,0.016711950770395164
2010-03-09,990.35,-0.013693855193705806,0.016819629941974078
2010-03-10,1008.75,0.01857929014994686,0.017328304933148155
2010-03-11,1016.45,0.007633209417596154,0.01738618589972889
2010-03-12,1021.6,0.005066653549117062,0.017257181707177997
2010-03-15,1028.05,0.006313625685199664,0.015949539772759078
2010-03-16,1067.95,0.03881134186080448,0.017993668299748782
2010-03-17,1069.7,0.0016386534950139087,0.01796079376012115
2010-03-18,1076.95,0.006777601196597205,0.017773028739162613
2010-03-19,1092.05,0.014021078044477386,0.015789601809767267
2010-03-22,1073.95,-0.016574332677075088,0.015919800051279725
2010-03-23,1091.4,0.016248428697797968,0.015946317133465077
2010-03-25,1091.45,4.581271761039396e-05,0.015883745163736914
2010-03-26,1100.45,0.00824591140226305,0.0158840009476361
2010-03-29,1093.3,-0.00649734199645613,0.015320661724107737
2010-03-30,1088.15,-0.004710509466751889,0.015325564673025503
2010-03-31,1074.25,-0.012773974176354397,0.015857107725016143
2010-04-01,1092.05,0.016569699790551562,0.013501021536886976
2010-04-05,1125.9,0.030996749233093812,0.014428058437505095
2010-04-06,1123.2,-0.0023980815347721673,0.014372866266788121
2010-04-07,1129.7,0.0057870370370369795,0.014134481724419426
2010-04-08,1106.55,-0.020492166061786388,0.014703424450546104
2010-04-09,1124.7,0.016402331571099493,0.014610549720757336
2010-04-12,1127.35,0.002356183871254469,0.01461870180859753
2010-04-13,1120.9,-0.005721382002039976,0.014825016925718113
2010-04-15,1090.7,-0.026942635382282143,0.016419942741814172
2010-04-16,1084.25,-0.005913633446410604,0.014193526957724672
2010-04-19,1061.8,-0.020705556836522976,0.014985731829399971
2010-04-20,1063.2,0.0013185157280091175,0.014900197463720125
2010-04-21,1054.1,-0.008559066967644968,0.014591326549675016
2010-04-22,1075.75,0.020538848306612456,0.014951059653361378
2010-04-23,1088.2,0.011573320938879972,0.014721558277584142
2010-04-26,1071.25,-0.015576180849108612,0.01512543974781459
2010-04-27,1061.25,-0.009334889148191361,0.015081321283390412
2010-04-28,1017.25,-0.04146054181389869,0.017498803649356538
2010-04-29,1035.05,0.01749815679528144,0.018108781828965886
2010-04-30,1033.6,-0.0014008985073185043,0.017941748933337
2010-05-03,1023.75,-0.009529798761609864,0.01748061167684036
2010-05-04,1021.15,-0.0025396825396825085,0.015540809057807888
2010-05-05,1020.65,-0.0004896440287910364,0.015561887130697527
2010-05-06,1007.85,-0.012541027776416969,0.015453603996919063
2010-05-07,1032.8,0.024755668006151588,0.01643585979667634
2010-05-10,1079.4,0.04512006196746721,0.019260647444266855
2010-05-11,1067.8,-0.010746711135816267,0.019331767302103318
2010-05-12,1082.95,0.014188050196666024,0.019668609722856722
2010-05-13,1071.8,-0.010295950874925075,0.01887306629060621
2010-05-14,1043.65,-0.026264228400820877,0.01969917844415852
2010-05-17,1016.55,-0.025966559670387745,0.0199988529310109
2010-05-18,1020.6,0.003984063745019917,0.020030887791530956
2010-05-19,998.65,-0.021506956692141976,0.02046361849249939
2010-05-20,999.95,0.0013017573724529719,0.01976387628346887
2010-05-21,995.55,-0.0044002200110005996,0.0194444956122386
2010-05-24,1022.65,0.027221134046506945,0.020461940025353446
2010-05-25,985.65,-0.03618051141641809,0.02179707390252638
2010-05-26,1008.05,0.02272611981940842,0.020600405051934643
2010-05-27,1022.25,0.014086602847080965,0.020459322075804014
2010-05-28,1036.65,0.01408657373440958,0.02071193490378728
2010-05-31,1045.6,0.008633579317995244,0.020654038312578688
2010-06-01,1010.55,-0.03352142310635042,0.02206739281274339
2010-06-02,1011.05,0.0004947800702588268,0.02206802306766551
2010-06-03,1030.8,0.019534147668265556,0.02229148623264839
2010-06-04,1031.2,0.0003880481179667772,0.021600824738196977
2010-06-07,1007.75,-0.022740496508921737,0.019379769996653234
2010-06-08,996.4,-0.011262713966757598,0.019390617558220597
2010-06-09,1007.05,0.010688478522681732,0.01923994641793334
2010-06-10,1015.35,0.008241894642768477,0.019339044848201075
2010-06-11,1046.4,0.03058058797459018,0.01983694887664376
2010-06-14,1063.5,0.01634174311926606,0.019129539987158616
2010-06-15,1066.1,0.002444757874941139,0.01912607519266559
2010-06-16,1057.95,-0.007644686239564602,0.018455124340823036
2010-06-17,1071.4,0.012713266222411201,0.01857421658153951
2010-06-18,1054.35,-0.015913757700205533,0.019009251278346777
2010-06-21,1065.65,0.010717503675250262,0.018247529503210708
2010-06-22,1063.8,-0.0017360296532633601,0.015907883146220502
2010-06-23,1058.7,-0.004794134235758474,0.015379095631028673
2010-06-24,1052.05,-0.00628128837253239,0.015249954049321621
2010-06-25,1062.95,0.010360724300175983,0.01511085195227091
2010-06-28,1090.15,0.025589162237170227,0.015990318741474812
2010-06-29,1067.45,-0.0208228225473559,0.014696631288000986
2010-06-30,1089.85,0.020984589442128332,0.015228712010689805
2010-07-01,1076.25,-0.012478781483690304,0.015177892817393342
2010-07-02,1068.95,-0.006782810685249663,0.015308792756000118
2010-07-05,1068.3,-0.0006080733430001706,0.014192313719421366
2010-07-06,1073.9,0.005241973228494068,0.013792518167089193
2010-07-07,1053.55,-0.01894962286991353,0.014587498884473091
2010-07-08,1057.1,0.0033695600588485863,0.014524652254782267
2010-07-09,1057.65,0.0005202913631634498,0.012887188741910515
2010-07-12,1056.25,-0.0013236893112088532,0.012346504936831149
2010-07-13,1074.3,0.017088757396449772,0.012936103560507882
2010-07-14,1070.45,-0.0035837289397746552,0.0128336186984392
2010-07-15,1073.45,0.0028025596711662715,0.012531732219434566
2010-07-16,1062.95,-0.009781545484186527,0.012187801269717401
2010-07-19,1056.05,-0.006491368361635108,0.012033238462806089
2010-07-20,1052.95,-0.002935467070687814,0.012043317090175457
2010-07-21,1058.4,0.005175934279880279,0.012060099179393782
2010-07-22,1059.0,0.0005668934240361523,0.011967601711510043
2010-07-23,1060.45,0.0013692162417375808,0.011740339018317012
2010-07-26,1053.1,-0.006931019850063835,0.01014583156964497
2010-07-27,1053.5,0.0003798309752161,0.009093295070016296
2010-07-28,1021.25,-0.030612244897959218,0.009923151916844362
2010-07-29,1010.15,-0.010869033047735677,0.009850174326156669
2010-07-30,1009.65,-0.0004949759936643261,0.009827355196306219
2010-08-02,1014.55,0.004853166939038367,0.009966449947134982
2010-08-03,1027.75,0.013010694396530464,0.010426100433903613
2010-08-04,1016.05,-0.011384091461931423,0.009908589722285872
2010-08-05,1007.05,-0.00885783179961619,0.009952329323824775
2010-08-06,1000.1,-0.006901345514125357,0.009977029196884781
2010-08-09,993.6,-0.00649935006499347,0.010005279617894804
2010-08-10,987.9,-0.005736714975845492,0.008824819616881741
2010-08-11,983.25,-0.004706954145156317,0.008824626951579689
2010-08-12,972.6,-0.010831426392067134,0.008781538539214387
2010-08-13,979.1,0.006683117417232154,0.009065397088409281
2010-08-16,976.9,-0.002246961495250832,0.009055174080751762
2010-08-17,970.65,-0.006397788924147774,0.009069885781799725
2010-08-18,964.6,-0.006232936691907387,0.008816199987916096
2010-08-19,977.2,0.013062409288824517,0.00960821755578726
2010-08-20,988.65,0.011717151043798557,0.010172736622334302
2010-08-23,976.9,-0.011884893541698305,0.010321188105711606
2010-08-24,972.4,-0.004606408025386477,0.010277645189306447
2010-08-25,967.8,-0.004730563554092959,0.008153288538700993
2010-08-26,956.45,-0.011727629675552742,0.008200948158045769
2010-08-27,949.6,-0.007161900778922092,0.008242180589854263
2010-08-30,947.95,-0.0017375737152485193,0.008039718637730271
2010-08-31,919.2,-0.030328603829315903,0.009158319050076753
2010-09-01,936.2,0.01849434290687557,0.01049214230513106
2010-09-02,937.45,0.0013351847895748392,0.010492931954209838
2010-09-03,925.7,-0.012534001813430007,0.010662628560902231
2010-09-06,952.65,0.02911310359727759,0.012922785874412627
2010-09-07,962.3,0.010129638377158523,0.013167495611442688
2010-09-08,959.6,-0.0028057778239632958,0.013147918839004697
2010-09-09,958.55,-0.0010942059191330067,0.012948724127567498
2010-09-13,992.5,0.03541807939074659,0.015202899980524301
2010-09-14,988.15,-0.004382871536523947,0.015232821934513726
2010-09-15,1013.9,0.026058796741385448,0.016140680695918945
2010-09-16,1000.35,-0.013364237104250831,0.01641564835031972
2010-09-17,1027.35,0.02699055330634259,0.01718916801625241
2010-09-20,1041.4,0.01367596242760527,0.017249056665422608
2010-09-21,1035.15,-0.0060015363933166865,0.017035306807056404
2010-09-22,1020.05,-0.014587257885330773,0.01741300806031759
2010-09-23,997.65,-0.021959707857457933,0.018199923060947733
2010-09-24,1001.65,0.004009422142033703,0.017928065795658296
2010-09-27,1010.2,0.008535915739030564,0.017827837794549155
2010-09-28,998.5,-0.011581864977232237,0.018106458281901296
2010-09-29,999.0,0.0005007511266901243,0.016370709721680518
2010-09-30,987.25,-0.011761761761761802,0.0163877062722944
2010-10-01,1007.9,0.02091668776905542,0.01687426751974612
2010-10-04,1017.85,0.009872011112213475,0.016474331406605636
2010-10-05,1023.85,0.005894778208969997,0.015464203041685342
2010-10-06,1044.95,0.02060848757142164,0.015865007444529046
2010-10-07,1039.15,-0.005550504808842449,0.01594091743170037
2010-10-08,1049.65,0.010104412260020235,0.015945178601510387
2010-10-11,1069.2,0.01862525603772691,0.014628602134672828
2010-10-12,1055.6,-0.01271979049756844,0.014989287136306553
2010-10-13,1073.05,0.016530882910193334,0.01437030858076498
2010-10-14,1059.0,-0.013093518475373878,0.014354264310763967
2010-10-15,1040.35,-0.01761095372993393,0.013879621568358607
2010-10-18,1047.45,0.006824626327678329,0.013625250781269579
2010-10-19,1044.4,-0.0029118335004056917,0.013566502976658413
2010-10-20,1049.45,0.004835312140942127,0.013114883179785925
2010-10-21,1081.65,0.030682738577350044,0.013436703205144555
2010-10-22,1081.8,0.0001386770212175037,0.013466458996904374
2010-10-25,1090.35,0.007903494176372705,0.013455842472747236
2010-10-26,1098.85,0.007795661943412746,0.012970502999542197
2010-10-27,1092.75,-0.005551258133503101,0.013147419540086053
2010-10-28,1082.0,-0.009837565774422297,0.013028064613150163
2010-10-29,1096.25,0.013170055452865093,0.012628745549301306
2010-11-01,1093.2,-0.002782212086659075,0.012651102041225513
2010-11-02,1074.85,-0.01678558360775717,0.013431973016082142
2010-11-03,1065.3,-0.00888496069218958,0.012951848073643456
2010-11-04,1105.05,0.03731343283582089,0.015161174142291574
2010-11-05,1105.7,0.0005882086783404183,0.01508178508242467
2010-11-08,1111.85,0.005562087365469814,0.014632500518768651
2010-11-09,1108.55,-0.0029680262625353393,0.014272179498643551
2010-11-10,1102.2,-0.005728203509088314,0.013989314638048568
2010-11-11,1079.9,-0.020232262747232777,0.014462535032591376
2010-11-12,1061.85,-0.0167145106028338,0.014402838153254407
2010-11-15,1054.7,-0.006733531101379531,0.014439276547013765
2010-11-16,1030.5,-0.022944913245472653,0.01535035442793681
2010-11-18,1032.95,0.0023774866569625797,0.015314695689900558
2010-11-19,996.25,-0.03552930925988673,0.015334348982549697
2010-11-22,1012.25,0.016060225846926013,0.015960580628258145
2010-11-23,995.6,-0.016448505803902225,0.015998088025154386
2010-11-24,996.05,0.0004519887505021192,0.01578598270940323
2010-11-25,979.5,-0.016615631745394266,0.016006733564617008
2010-11-26,962.35,-0.017508933129147475,0.016210941625178825
2010-11-29,998.4,0.037460383436379585,0.01845505825705242
2010-11-30,985.6,-0.012820512820512775,0.01854209021845202
2010-12-01,988.8,0.0032467532467532756,0.018412838462398697
2010-12-02,1011.15,0.022603155339805836,0.019298385773579486
2010-12-03,1005.9,-0.005192107995846351,0.016880323794486736
2010-12-06,1020.15,0.014166418133015224,0.01736415396547458
2010-12-07,1030.75,0.010390628829093806,0.017535003581608952
2010-12-08,1020.55,-0.009895707009459187,0.017589495799737103
2010-12-09,984.5,-0.03532408995149672,0.018937564788461297
2010-12-10,1023.9,0.04002031488064994,0.021129593126130712
2010-12-13,1041.75,0.01743334309991207,0.021295085052621388
2010-12-14,1055.25,0.012958963282937441,0.021458021164025863
2010-12-15,1053.9,-0.0012793176972281106,0.02076128749756703
2010-12-16,1056.85,0.002799127051902328,0.020762623558869868
2010-12-20,1056.75,-9.462080711541976e-05,0.018876255850004565
2010-12-21,1073.15,0.015519280813816039,0.018857117034780307
2010-12-22,1056.05,-0.01593439873270297,0.018829405992581465
2010-12-23,1059.4,0.0031721982860661857,0.018818947065642508
2010-12-24,1059.7,0.00028317915801401305,0.01825060195288093
2010-12-27,1055.25,-0.0041993016891573864,0.017654095490300288
2010-12-28,1047.9,-0.006965174129353158,0.016045433612311373
2010-12-29,1048.6,0.0006680026720105037,0.01564407740242154
2010-12-30,1051.2,0.0024794964714858203,0.015644946050412837
2010-12-31,1058.7,0.007134703196347125,0.0150034276606589
2011-01-03,1055.6,-0.002928119391706896,0.014951526153124981
2011-01-04,1077.1,0.02036756347101165,0.015266725518725245
2011-01-05,1075.8,-0.001206944573391433,0.015184481210128723
2011-01-06,1085.6,0.009109499907045793,0.01497763142177201
2011-01-07,1065.4,-0.01860722181282226,0.013057994604447442
2011-01-10,1033.45,-0.029988736624741885,0.012263629759748235
2011-01-11,1013.75,-0.019062363926653503,0.012332072157950506
2011-01-12,1030.8,0.016818742293464917,0.012594189981663267
2011-01-13,1015.35,-0.014988358556460968,0.01297210286925388
2011-01-14,1001.5,-0.01364061653616977,0.01318569324289339
2011-01-17,997.9,-0.0035946080878682674,0.013173868328146654
2011-01-18,994.85,-0.003056418478805445,0.012450942949512621
2011-01-19,980.15,-0.014776096899030033,0.012393635971900081
2011-01-20,969.85,-0.0105085956231189,0.012374864916737453
2011-01-21,986.8,0.01747692942207557,0.013276796866222384
2011-01-24,971.6,-0.015403323875151975,0.013542746042864758
2011-01-25,958.5,-0.013482914779744726,0.01369457258408394
2011-01-27,942.7,-0.01648408972352633,0.01389870551825874
2011-01-28,913.0,-0.031505250875145885,0.014946200362642048
2011-01-31,919.3,0.006900328587075455,0.014934691128993573
2011-02-01,895.5,-0.02588926357010768,0.015483477405505994
2011-02-02,921.3,0.028810720268006573,0.016388465668630604
2011-02-03,943.9,0.024530554651036596,0.017865301237395114
2011-02-04,920.0,-0.025320478864286455,0.017954105503950563
2011-02-07,929.05,0.009836956521739104,0.018201902918193947
2011-02-08,915.25,-0.014853882998762113,0.017481606486311366
2011-02-09,914.3,-0.0010379677683693966,0.017230661862715317
2011-02-10,899.65,-0.0160231871377009,0.01659421496208585
2011-02-11,909.95,0.011448896793197383,0.01694435496371693
2011-02-14,914.8,0.005329963184790287,0.016985495250599017
2011-02-15,941.7,0.029405334499344127,0.01859261569891115
2011-02-16,944.15,0.0026016778167143872,0.018630397288708356
2011-02-17,953.95,0.010379706614415118,0.018603379280881183
2011-02-18,935.55,-0.019288222653178977,0.018935478638152776
2011-02-21,956.35,0.022232911121800036,0.019215826852250276
2011-02-22,984.85,0.02980080514455996,0.020118185772111795
2011-02-23,995.65,0.010966136975173901,0.019942209518437677
2011-02-24,964.2,-0.03158740521267511,0.02094349653875185
2011-02-25,966.25,0.002126114913918231,0.019465803112780695
2011-02-28,964.25,-0.002069857697283295,0.019474992918528975
2011-03-01,988.85,0.02551205600207407,0.01890493893642335
2011-03-03,977.4,-0.011579107043535486,0.018393648222259938
2011-03-04,982.2,0.0049109883364026885,0.017701874141430624
2011-03-07,977.05,-0.005243331297088316,0.01659750915376934
2011-03-08,984.95,0.008085563686607733,0.016564923163568918
2011-03-09,993.85,0.009035991674704258,0.016059107433914786
2011-03-10,984.75,-0.00915631131458472,0.016300598379009577
2011-03-11,992.05,0.007413048997207294,0.01562560369158885
2011-03-14,1018.35,0.026510760546343493,0.016300342965572492
2011-03-15,1037.25,0.018559434379142647,0.016548119498515878
2011-03-16,1047.1,0.009496264160038459,0.01566880035891887
2011-03-17,1030.85,-0.015519052621526086,0.01635036526979235
2011-03-18,993.0,-0.03671727215404752,0.018687883720478943
2011-03-21,990.3,-0.002719033232628454,0.018042457332057244
2011-03-22,999.65,0.009441583358578143,0.017544767370490853
2011-03-23,1013.25,0.01360476166658331,0.016557712134425993
2011-03-24,1010.3,-0.0029114236368122937,0.016432812356077266
2011-03-25,1026.6,0.01613382163713739,0.014863109715709708
2011-03-28,1025.7,-0.0008766803039157445,0.014890156741673299
2011-03-29,1022.75,-0.002876084625134112,0.014905959896925494
2011-03-30,1032.5,0.009533121486189122,0.014042145392717507
2011-03-31,1049.1,0.01607748184019364,0.013969542894269913
2011-04-01,1036.4,-0.01210561433609747,0.014399593039175816
2011-04-04,1050.65,0.01374951756078735,0.01446815037795848
2011-04-05,1047.65,-0.002855375243896674,0.014501916532235348
2011-04-06,1044.85,-0.0026726483081183083,0.014489867002108123
2011-04-07,1041.9,-0.00282337177585279,0.014287085843956228
2011-04-08,1023.9,-0.017276130146847257,0.014930753807829907
2011-04-11,1005.3,-0.0181658365074715,0.01435233284917777
2011-04-13,1021.8,0.016413011041480186,0.01420926168974379
2011-04-15,1020.95,-0.0008318653356820249,0.014007217876788818
2011-04-18,1009.15,-0.01155786277486659,0.013820403638904934
2011-04-19,1011.65,0.002477332408462596,0.010969848794357199
2011-04-20,1025.9,0.014085899273464264,0.011309308759264579
2011-04-21,1040.6,0.014328881957305528,0.011533060404907253
2011-04-25,1009.35,-0.030030751489525165,0.013237993654910917
2011-04-26,1001.15,-0.008124040223906559,0.013346932194620404
2011-04-27,986.1,-0.015032712380762092,0.013136392780705225
2011-04-28,972.4,-0.01389311428861173,0.013401323476014443
2011-04-29,983.75,0.01167215137803379,0.01377400045192385
2011-05-02,964.75,-0.019313850063532367,0.014027134981473418
2011-05-03,943.9,-0.021611816532780548,0.013817833421450564
2011-05-04,947.65,0.003972878482890074,0.013861252139158307
2011-05-05,949.95,0.002427056402680483,0.013302005178037273
2011-05-06,955.05,0.005368703615979742,0.013495565418747494
2011-05-09,959.3,0.004450028794303895,0.013640345501039751
2011-05-10,950.75,-0.008912748879391197,0.013676541357475532
2011-05-11,955.45,0.004943465684985604,0.013483289185782291
2011-05-12,945.5,-0.010413941074886246,0.013142594775808807
2011-05-13,948.0,0.0026441036488631386,0.012413731102399158
2011-05-16,945.0,-0.0031645569620253333,0.012396632011816604
2011-05-17,920.65,-0.025767195767195772,0.013243824704612956
2011-05-18,901.85,-0.020420355183837446,0.013594465782028924
2011-05-19,915.5,0.01513555469313066,0.013676405212357193
2011-05-20,923.2,0.008410704533042157,0.0132811261640822
2011-05-23,909.4,-0.014948006932409053,0.012223929461421538
2011-05-24,915.75,0.006982625907191675,0.012492885845291098
2011-05-25,906.0,-0.01064701064701068,0.012333413314847625
2011-05-26,933.85,0.030739514348785857,0.014351372159280527
2011-05-27,945.45,0.012421695133051358,0.014389669674220732
2011-05-30,938.85,-0.006980802792321161,0.013857907391271858
2011-05-31,951.85,0.013846727379240642,0.013378192918412498
2011-06-01,946.8,-0.0053054577927195146,0.013412415706254463
2011-06-02,951.05,0.0044888043937474364,0.01343961975747126
2011-06-03,934.6,-0.01729667209925867,0.01392275549395744
2011-06-06,937.75,0.003370425850631298,0.013902633436129968
2011-06-07,958.25,0.021860837110103892,0.014667765651725362
2011-06-08,949.2,-0.009444299504304698,0.0147904213925452
2011-06-09,954.0,0.005056890012642201,0.014633184361357758
2011-06-10,944.5,-0.009958071278825975,0.014808504661904642
2011-06-13,925.6,-0.020010587612493413,0.015457986136340019
2011-06-14,911.35,-0.01539541918755405,0.01473785029142106
2011-06-15,900.55,-0.011850551379821272,0.014241504278191435
2011-06-16,887.55,-0.014435622675031956,0.014124592490547873
2011-06-17,868.75,-0.021181905244774923,0.014579415228231996
2011-06-20,833.25,-0.04086330935251803,0.01670065515900497
2011-06-21,848.65,0.01848184818481835,0.017294388734533057
2011-06-22,845.8,-0.0033582749072056384,0.017215915929376973
2011-06-23,870.5,0.02920312130527325,0.0170587874223867
2011-06-24,871.4,0.0010338885697873668,0.01669010273765806
2011-06-27,871.55,0.00017213679137029203,0.016698080536860012
2011-06-28,871.1,-0.0005163214961848572,0.016210934025475993
2011-06-29,885.25,0.01624382964068416,0.016844180264874876
2011-06-30,898.5,0.01496752329850315,0.01725455110869305
2011-07-01,861.95,-0.04067890929326645,0.01899979947062747
2011-07-04,868.4,0.007483032658506694,0.019104197857057362
2011-07-05,845.95,-0.02585214187010587,0.018724928057006797
2011-07-06,852.9,0.008215615580116964,0.018970971626670243
2011-07-07,870.7,0.020869973033180944,0.019733484576096617
2011-07-08,854.85,-0.01820374411393133,0.01994138698071524
2011-07-11,853.3,-0.0018131835994619205,0.019622665833265957
2011-07-12,847.75,-0.006504160318762442,0.019447840879438835
2011-07-13,865.45,0.020878796815098744,0.02006904024103853
2011-07-14,867.55,0.0024264833323703883,0.01986309597217996
2011-07-15,873.2,0.006512592934124983,0.019336777321570818
2011-07-18,867.6,-0.006413192853870875,0.016837175650502335
2011-07-19,879.45,0.013658367911479896,0.016624238788767516
2011-07-20,876.2,-0.003695491500369519,0.016630039955244518
2011-07-21,860.85,-0.017518831317050898,0.015856320058108803
2011-07-22,873.35,0.014520532032293643,0.01620509366856187
2011-07-25,882.85,0.010877655006583886,0.016378694862738002
2011-07-26,871.5,-0.012856091068698006,0.01665982497867604
2011-07-27,860.85,-0.012220309810671237,0.01642732991345391
2011-07-28,837.35,-0.027298600220712066,0.01693956163907141
2011-07-29,827.95,-0.011225891204394767,0.014652170250021627
2011-08-01,830.85,0.003502626970227629,0.014544536933930876
2011-08-02,837.3,0.007763134139736394,0.01356546040396045
2011-08-03,825.05,-0.014630359488833178,0.01375996000712712
2011-08-04,812.35,-0.015393006484455407,0.013016742910508495
2011-08-05,792.0,-0.025050778605281043,0.013507871222869587
2011-08-08,780.65,-0.01433080808080811,0.013703261411766901
2011-08-09,765.3,-0.019663101261769067,0.014121660073419884
2011-08-10,772.75,0.009734744544622975,0.013238741606854136
2011-08-11,772.2,-0.000711743772241924,0.013157385502607517
2011-08-12,760.9,-0.0146335146335147,0.012970805415154232
2011-08-16,759.15,-0.0022999080036798514,0.013009467161172523
2011-08-17,755.0,-0.005466640321412086,0.012116287891887645
2011-08-18,741.2,-0.018278145695364123,0.012310620100714483
2011-08-19,732.55,-0.011670264436049793,0.012147465356731032
2011-08-22,757.0,0.033376561326871945,0.014490401328323887
2011-08-23,765.25,0.01089828269484805,0.014491743229452783
2011-08-24,761.3,-0.005161711858869711,0.014430735333602234
2011-08-25,753.5,-0.010245632470773591,0.014397247677514385
2011-08-26,719.4,-0.045255474452554734,0.016206248725547347
2011-08-29,755.05,0.04955518487628585,0.020569847441074526
2011-08-30,782.6,0.03648764982451502,0.022471117778816607
2011-09-02,805.45,0.029197546639407213,0.023487025701612516
2011-09-05,788.85,-0.020609597119622625,0.023697693234285708
2011-09-06,821.5,0.041389364264435624,0.02534951627283354
2011-09-07,833.5,0.014607425441266031,0.024760006160983155
2011-09-08,852.45,0.02273545290941814,0.024793835828302923
2011-09-09,825.75,-0.031321485131092786,0.02552308205576751
2011-09-12,806.3,-0.023554344535271055,0.026213519096483156
2011-09-13,810.25,0.0048989209971475045,0.02620790139263818
2011-09-14,825.4,0.01869793273680953,0.02610504712304874
2011-09-15,836.3,0.013205718439544434,0.026125865572419412
2011-09-16,825.65,-0.012734664594045153,0.026331407022748325
2011-09-19,821.55,-0.00496578453339791,0.02588144482993385
2011-09-20,851.8,0.03682064390481399,0.026455528442402693
2011-09-21,837.6,-0.016670579948344644,0.026285414379654856
2011-09-22,786.35,-0.06118672397325697,0.030149717772158035
2011-09-23,770.6,-0.020029249062122445,0.0305113774067423
2011-09-26,759.2,-0.014793667272255395,0.0306167697998832
2011-09-27,797.2,0.05005268703898835,0.030484131560707187
2011-09-28,797.2,0.0,0.028683207081022483
2011-09-29,807.7,0.013171098845960794,0.02771266065750703
2011-09-30,808.35,0.00080475424043569,0.026960166863572763
2011-10-03,788.2,-0.024927321086163134,0.027154903012787206
2011-10-04,771.6,-0.021060644506470494,0.025736087308839348
2011-10-05,767.0,-0.00596163815448425,0.02541227108138827
2011-10-07,802.9,0.0468057366362451,0.02724131865630332
2011-10-10,829.25,0.032818532818532864,0.02746131503915202
2011-10-11,827.0,-0.0027132951462164323,0.02688714143594662
2011-10-12,849.65,0.02738814993954053,0.02749524730724557
2011-10-13,846.9,-0.0032366268463485115,0.027261521266650695
2011-10-14,866.9,0.023615539024678167,0.027591354432209392
2011-10-17,833.8,-0.038182027915561245,0.02887141725177157
2011-10-18,819.9,-0.016670664427920312,0.029113926355698816
2011-10-19,843.0,0.028174167581412446,0.028602820814013597
2011-10-20,838.7,-0.005100830367734233,0.02836670887586046
2011-10-21,835.75,-0.0035173482770956,0.024429581092310228
2011-10-24,846.5,0.012862698175291731,0.02387498708864004
2011-10-25,875.95,0.0347903130537508,0.024284892434057754
2011-10-26,873.6,-0.002682801529767742,0.02218889544134509
2011-10-28,900.0,0.030219780219780112,0.022862191643951868
2011-10-31,877.55,-0.024944444444444547,0.023830053542586632
2011-11-01,860.6,-0.0193151387385333,0.024408549980449983
2011-11-02,871.8,0.013014176156169954,0.023548843233598547
2011-11-03,885.9,0.016173434273916154,0.022814251026052144
2011-11-04,879.95,-0.006716333671971886,0.022837737933819793
2011-11-08,883.7,0.004261605773055344,0.020842801719514678
2011-11-09,864.95,-0.021217607785447568,0.020548803394497137
2011-11-11,885.35,0.02358517833400775,0.021045846086658642
2011-11-14,876.7,-0.009770147399333573,0.020469920636137753
2011-11-15,861.45,-0.017394775864035594,0.020892524746617964
2011-11-16,848.1,-0.015497126937140893,0.020496842805863964
2011-11-17,809.95,-0.04498290295955665,0.021192575545106368
2011-11-18,808.1,-0.0022840916105932862,0.020883024430541446
2011-11-21,786.35,-0.026914985769088018,0.02052960788063891
2011-11-22,795.2,0.011254530425383047,0.02077716056388985
2011-11-23,773.4,-0.027414486921529257,0.02151556198495916
2011-11-24,773.15,-0.00032324799586247455,0.021182426674255534
2011-11-25,753.8,-0.025027484964107893,0.019529902665975575
2011-11-28,783.8,0.03979835500132656,0.022187633707095516
2011-11-29,765.0,-0.023985710640469504,0.0209104538633086
2011-11-30,778.25,0.017320261437908435,0.021228908941239095
2011-12-01,799.0,0.026662383552843005,0.02215439225886887
2011-12-02,812.05,0.01633291614518151,0.022296354583448755
2011-12-05,806.75,-0.006526691706175702,0.021825305081866114
2011-12-07,809.8,0.003780601177564291,0.021893840244579348
2011-12-08,778.85,-0.0382193134107186,0.02308676733678126
2011-12-09,755.7,-0.029723310008345605,0.02345643109205251
2011-12-12,727.5,-0.03731639539499809,0.02330240705638937
2011-12-13,742.3,0.020343642611683865,0.02423890612463663
2011-12-14,741.9,-0.000538865687727319,0.024188259525083834
2011-12-15,750.15,0.011120097048119781,0.02443655731380854
2011-12-16,721.85,-0.03772578817569816,0.02387197429730451
2011-12-19,735.3,0.018632679919650785,0.02446957252572375
2011-12-20,713.45,-0.029715762273901714,0.024612661232337216
2011-12-21,748.0,0.04842665919125366,0.02714342336008605
2011-12-22,754.55,0.008756684491978639,0.026610183090910188
2011-12-23,746.4,-0.010801139752170119,0.026701291897125924
2011-12-26,761.0,0.01956055734190776,0.0264870515699989
2011-12-27,753.05,-0.010446780551905399,0.024931503613956168
2011-12-28,739.05,-0.018591063010424236,0.024705903525039544
2011-12-29,711.9,-0.036736350720519506,0.025490701057327515
2011-12-30,692.95,-0.026618907149880466,0.024879402746873433
2012-01-02,706.55,0.019626235659138347,0.02505087761289905
2012-01-03,724.65,0.02561743684098783,0.026068705860443787
2012-01-04,716.15,-0.011729800593389905,0.02602352280204372
2012-01-05,699.5,-0.02324931927668783,0.025245772812868026
2012-01-06,717.55,0.025804145818441704,0.025442692044170073
2012-01-07,714.75,-0.00390216709636948,0.02408152583979817
2012-01-09,706.25,-0.01189227002448412,0.02368083658512868
2012-01-10,736.2,0.042407079646017865,0.02570214683588571
2012-01-11,748.25,0.01636783482749249,0.025848795359649703
2012-01-12,736.9,-0.01516872702973604,0.024567746611454236
2012-01-13,731.8,-0.006920884787623871,0.02428266437469986
2012-01-16,712.95,-0.02575840393550133,0.024042374657125658
2012-01-17,742.05,0.04081632653061207,0.023287935287071813
2012-01-18,779.75,0.050805201805808275,0.025886736710458158
2012-01-19,785.65,0.00756652773324773,0.02573557614819747
2012-01-20,792.65,0.008909819894354909,0.025481135840522737
2012-01-23,771.55,-0.02661956727433301,0.026156135986148597
2012-01-24,783.75,0.015812325837599728,0.02589270926392028
2012-01-25,790.95,0.00918660287081341,0.024136102655989065
2012-01-27,820.4,0.03723370630254741,0.023878264242557814
2012-01-30,794.75,-0.03126523647001456,0.025325502847830778
2012-01-31,817.1,0.02812205095942133,0.025432533493631625
2012-02-01,831.2,0.017256149798066334,0.025174018777149813
2012-02-02,829.25,-0.0023460057747834995,0.024234543363137528
2012-02-03,838.3,0.010913476032559544,0.02391190540798995
2012-02-06,833.0,-0.006322318978885799,0.023981734671846423
2012-02-07,844.55,0.013865546218487346,0.023547472804901503
2012-02-08,858.4,0.016399265881238634,0.02230497418009534
2012-02-09,853.85,-0.005300559179869491,0.022400246675635067
2012-02-10,843.25,-0.012414358493880728,0.022265752288943303
2012-02-13,849.25,0.0071153276015416544,0.022023870980875243
2012-02-14,848.9,-0.00041212834854287284,0.020685932490079856
2012-02-15,836.65,-0.014430439392154604,0.019882020401816757
2012-02-16,812.45,-0.02892487898165297,0.01840693495951459
2012-02-17,818.2,0.007077358606683459,0.018399776559758795
2012-02-21,843.55,0.030982644830114703,0.019455563130729055
2012-02-22,833.4,-0.012032481773457393,0.01852626692861256
2012-02-23,839.6,0.0074394048476122965,0.018339566108831223
2012-02-24,819.95,-0.02340400190566938,0.019243343463657418
2012-02-27,781.45,-0.04695408256601008,0.02030395452237391
2012-02-28,796.5,0.019259069678162266,0.019633535868618955
2012-02-29,820.75,0.030445699937225346,0.019812929596469256
2012-03-01,810.95,-0.011940298507462588,0.019580661686820898
2012-03-02,814.1,0.0038843331894691246,0.019608484963555807
2012-03-03,813.45,-0.0007984277115833383,0.019416158486336446
2012-03-05,797.5,-0.019607843137254943,0.01981927153987034
2012-03-06,776.55,-0.02626959247648908,0.020158611882394227
2012-03-07,761.8,-0.018994269525465235,0.01982487739296721
2012-03-09,773.8,0.015752165922814365,0.02040131350599011
2012-03-12,798.55,0.03198500904626522,0.0218809922345123
2012-03-13,819.95,0.026798572412497723,0.022760791823168747
2012-03-14,814.5,-0.006646746752850818,0.022787682919128402
2012-03-15,796.65,-0.02191528545119703,0.02306547134388177
2012-03-16,772.35,-0.030502730182639715,0.023164203111960203
2012-03-19,755.1,-0.02233443387065448,0.023470989331529985
2012-03-20,760.55,0.0072175870745596615,0.022186886314497695
2012-03-21,768.05,0.009861284596673459,0.022357514624603482
2012-03-22,736.35,-0.04127335459930981,0.02367884079355839
2012-03-23,744.05,0.010456983771304218,0.023599820054744296
2012-03-26,730.1,-0.018748740004031927,0.021700624776874167
2012-03-27,731.05,0.0013011916175864613,0.021086640027218932
2012-03-28,725.7,-0.00731824088639621,0.019461786649613774
2012-03-29,724.65,-0.0014468788755684914,0.019433351553368745
2012-03-30,750.6,0.03581039122334917,0.021445764445966246
2012-04-02,740.55,-0.013389288569144786,0.021536585952771605
2012-04-03,752.7,0.016406724731618416,0.021708606140430953
2012-04-04,747.0,-0.0075727381426864415,0.02103048461922856
2012-04-09,742.15,-0.00649263721552884,0.020673016408918398
2012-04-10,742.65,0.0006737182510274664,0.020297529010563045
2012-04-11,730.3,-0.01662963711034815,0.018893934610655496
2012-04-12,743.3,0.017800903738189877,0.018209519607565835
2012-04-13,751.55,0.011099152428360126,0.018540907326971143
2012-04-16,748.1,-0.004590512939924074,0.018050687692370518
2012-04-17,746.4,-0.002272423472797769,0.016849289894640268
2012-04-18,748.6,0.002947481243301242,0.016143213525014005
2012-04-19,741.65,-0.009283996794015592,0.01616002875023994
2012-04-20,730.85,-0.014562124991572833,0.01620822485404957
2012-04-23,736.3,0.007457070534309329,0.013483425211333288
2012-04-24,735.1,-0.0016297704739914876,0.013263018381969392
2012-04-25,736.3,0.0016324309617739008,0.012552844331656888
2012-04-26,745.05,0.011883743039521999,0.012808950254640666
2012-04-27,742.0,-0.004093684987584667,0.012718363786380063
2012-04-28,739.95,-0.0027628032345012876,0.012736100489753602
2012-04-30,745.1,0.006959929724981384,0.00992369109461837
2012-05-02,743.55,-0.0020802576835324826,0.009450791190761925
2012-05-03,738.85,-0.006321027503194077,0.00874520628259008
2012-05-04,726.45,-0.016782838194491445,0.009337930002233793
2012-05-07,715.7,-0.01479799022644368,0.009753960883386306
2012-05-08,708.35,-0.010269666061198834,0.009915410167549708
2012-05-09,695.1,-0.01870544222488879,0.010082593012246968
2012-05-10,694.15,-0.0013667098259243504,0.008901281863831724
2012-05-11,697.2,0.004393862997911224,0.008441760884820208
2012-05-14,681.3,-0.022805507745266906,0.009462378540529304
2012-05-15,681.65,0.0005137237633936476,0.00951914430804191
2012-05-16,676.1,-0.00814200836206258,0.009385544465979627
2012-05-17,685.15,0.013385593847063948,0.010180973512089193
2012-05-18,688.55,0.004962416988980589,0.010040381254204435
2012-05-21,695.5,0.01009367511437076,0.010199961205240424
2012-05-22,691.1,-0.006326383896477328,0.010225715217509835
2012-05-23,686.85,-0.0061496165533208025,0.010186892998507037
2012-05-24,695.3,0.012302540583824628,0.010220383174452674
2012-05-25,691.2,-0.005896735222206129,0.010234769836137561
2012-05-28,701.65,0.015118634259259078,0.011050164125877022
2012-05-29,701.85,0.0002850424000571117,0.010845269300018553
2012-05-30,706.25,0.006269145828880829,0.011038651263004334
2012-05-31,705.6,-0.0009203539823008366,0.011006578204800119
2012-06-01,685.25,-0.028840702947845798,0.01211900985613882
2012-06-04,692.75,0.01094491061656333,0.012149683452650583
2012-06-05,702.55,0.014146517502706457,0.012451161267487845
2012-06-06,715.9,0.019002206248665665,0.012378034442045526
2012-06-07,721.25,0.007473110769660618,0.012426190966814866
2012-06-08,729.7,0.011715771230502714,0.012607262722768398
2012-06-11,722.25,-0.010209675208990077,0.011554824180649244
2012-06-12,722.95,0.0009691934925579737,0.011550142184760859
2012-06-13,716.3,-0.009198423127463995,0.01160610239526989
2012-06-14,716.35,6.980315510274337e-05,0.01135556431867702
2012-06-15,726.75,0.014518042856145774,0.011670554747450634
2012-06-18,718.9,-0.010801513587891276,0.011913028820829107
2012-06-19,737.45,0.025803310613437214,0.012896145440488614
2012-06-20,737.4,-6.780120686156188e-05,0.012731503696535649
2012-06-21,718.7,-0.025359370762137123,0.014094222229996619
2012-06-22,711.0,-0.010713788785306821,0.01427183156170378
2012-06-25,716.2,0.007313642756680894,0.013983943730588606
2012-06-26,723.5,0.010192683607930686,0.014127562184785301
2012-06-27,722.5,-0.0013821700069108767,0.014098473617808503
2012-06-28,719.9,-0.0035986159169550946,0.014132679374084176
2012-06-29,737.85,0.024934018613696374,0.01322292982829872
2012-07-02,737.4,-0.0006098800569221963,0.013145954946866644
2012-07-03,736.35,-0.001423921887713564,0.012923348538221892
2012-07-04,734.25,-0.0028519046649012614,0.012360131965470122
2012-07-05,738.7,0.0060606060606061,0.01232722663681444
2012-07-06,734.85,-0.00521185867063767,0.01215200923109618
2012-07-09,731.8,-0.0041505069061714694,0.011946810812205614
2012-07-10,739.7,0.01079529926209366,0.012157586908924082
2012-07-11,725.65,-0.01899418683249976,0.012780583056926855
2012-07-12,721.2,-0.006132432991111325,0.012872263235177085
2012-07-13,718.5,-0.0037437603993345503,0.012460397771044976
2012-07-16,720.35,0.002574808629088432,0.012235148518388365
2012-07-17,719.35,-0.0013882140626084727,0.010644404777067025
2012-07-18,715.8,-0.004935010773615134,0.010673049566209639
2012-07-19,727.8,0.016764459346185978,0.009825241227971897
2012-07-20,722.65,-0.007076119813135495,0.009635149254683546
2012-07-23,719.0,-0.005050854493876655,0.009595647593696442
2012-07-24,724.5,0.007649513212795611,0.009472862019303979
2012-07-25,719.25,-0.007246376811594235,0.009611272459283357
2012-07-26,710.15,-0.012652068126520755,0.00998654430027542
2012-07-27,721.0,0.015278462296697937,0.008854685241988262
2012-07-30,729.6,0.011927877947295551,0.00932388109472602
2012-07-31,743.6,0.01918859649122817,0.010303050971911797
2012-08-01,746.75,0.004236148466917777,0.01030213139118618
2012-08-02,739.55,-0.009641781051222043,0.010484443392741353
2012-08-03,742.55,0.004056520857278034,0.010441598576107223
2012-08-06,786.05,0.05858191367584675,0.016571162343176554
2012-08-07,783.75,-0.0029260225176515053,0.016546388882362154
2012-08-08,790.8,0.008995215311004667,0.015750664332832325
2012-08-09,780.15,-0.013467374810318677,0.016091095985348577
2012-08-10,782.1,0.0024995193232071333,0.015992066731480167
2012-08-13,788.15,0.007735583684950642,0.01600323391411813
2012-08-14,799.55,0.014464251728731892,0.016082036362135975
2012-08-16,816.15,0.02076167844412491,0.016237020602033053
2012-08-17,816.1,-6.126324817734563e-05,0.016123822157576406
2012-08-21,814.25,-0.0022668790589388532,0.015955688665082898
2012-08-22,807.8,-0.007921400061406292,0.016073777442464323
2012-08-23,794.5,-0.016464471403812797,0.01682709178708589
2012-08-24,782.1,-0.015607300188797968,0.017239712461639075
2012-08-27,787.35,0.006712696586114397,0.016772872771105958
2012-08-28,790.2,0.003619737092779518,0.016609776462157465
2012-08-29,782.15,-0.010187294355859411,0.016839302551939665
2012-08-30,783.4,0.0015981589209230762,0.016437687550371168
2012-08-31,766.4,-0.021700280827163687,0.017312900874829597
2012-09-03,763.05,-0.004371085594989554,0.01717491735207975
2012-09-04,779.6,0.021689273311054302,0.01774521221374251
2012-09-05,771.15,-0.010838891739353596,0.012110100550423783
2012-09-06,768.2,-0.003825455488555951,0.012119738091378762
2012-09-07,791.75,0.030656079146055726,0.013891801627905829
2012-09-08,796.0,0.005367856015156214,0.013554312010255686
2012-09-10,792.05,-0.004962311557789034,0.013616114765939658
2012-09-11,791.0,-0.001325673884224443,0.01352080832606973
2012-09-12,798.1,0.008975979772440024,0.01327088185647446
2012-09-13,799.15,0.0013156246084449208,0.012349499426161674
2012-09-14,841.75,0.05330663830319726,0.01732273289957684
2012-09-17,873.75,0.03801603801603792,0.01909032508453806
2012-09-18,855.6,-0.02077253218884123,0.01970843971815337
2012-09-20,832.5,-0.026998597475455854,0.020386783860885334
2012-09-21,850.3,0.021381381381381237,0.020332174402343098
2012-09-24,836.35,-0.01640597436198976,0.020843493462453542
2012-09-25,839.75,0.004065283673103437,0.02084417347021314
2012-09-26,844.75,0.005954153021732633,0.02060769083752421
2012-09-27,829.85,-0.01763835454276408,0.021169708086550935
2012-09-28,837.2,0.008857022353437438,0.02037376400678653
2012-10-01,833.5,-0.004419493549928433,0.020374891497864138
2012-10-03,846.1,0.015116976604679033,0.020136708107478543
2012-10-04,852.9,0.008036875073868188,0.019830260810057142
2012-10-05,857.8,0.005745104936100365,0.0197152529173189
2012-10-08,819.4,-0.04476567964560496,0.021796597567863063
2012-10-09,815.3,-0.005003661215523536,0.02183415919440253
2012-10-10,816.0,0.00085857966392755,0.021783287814065296
2012-10-11,819.95,0.004840686274509842,0.021781624486051133
2012-10-12,818.9,-0.0012805658881639426,0.021729993980093974
2012-10-15,823.05,0.005067773842960088,0.021744415622384196
2012-10-16,812.45,-0.012878925946175679,0.018228942184460726
2012-10-17,805.15,-0.008985168318050407,0.01570650971211059
2012-10-18,811.3,0.007638328261814431,0.01538756672955775
2012-10-19,802.8,-0.010477012202637748,0.014418401206082461
2012-10-22,815.6,0.015944195316392795,0.014005348142546895
2012-10-23,809.95,-0.006927415399705761,0.013647526996953749
2012-10-25,810.4,0.0005555898512252799,0.013594491611763041
2012-10-26,798.95,-0.014128825271470746,0.013741211890153582
2012-10-29,811.2,0.01533262406909075,0.013831218609016128
2012-10-30,803.25,-0.00980029585798825,0.013757295346806394
2012-10-31,805.5,0.0028011204481792618,0.013784528187463672
2012-11-01,807.1,0.0019863438857852245,0.013247896277673348
2012-11-02,807.95,0.001053153264775064,0.013052471536829648
2012-11-05,806.15,-0.002227860634940404,0.012904414707537695
2012-11-06,805.45,-0.000868324753457661,0.008365091649374927
2012-11-07,800.85,-0.005711093177726778,0.008385162665918083
2012-11-08,796.6,-0.005306861459699053,0.00843184490154024
2012-11-09,787.65,-0.011235249811699766,0.008593533166263769
2012-11-12,786.65,-0.001269599441376279,0.008593579984355426
2012-11-13,789.6,0.0037500794508358304,0.00854166264026863
2012-11-15,784.6,-0.0063323201621073855,0.008223872428241238
2012-11-16,775.15,-0.01204435381085911,0.008393009973866916
2012-11-19,774.3,-0.0010965619557504747,0.008094508182725028
2012-11-20,765.35,-0.011558827327909027,0.00815541067351763
2012-11-21,771.2,0.007643561769125284,0.007346256778498303
2012-11-22,765.85,-0.006937240663900446,0.007346549803171054
2012-11-23,773.75,0.010315335901286193,0.007883570474033434
2012-11-26,773.65,-0.0001292407108239857,0.007381855222767694
2012-11-27,786.8,0.016997350222969,0.007589093264842495
2012-11-29,798.3,0.014616166751397985,0.008128083360600497
2012-11-30,793.7,-0.0057622447701364266,0.008182726403358036
2012-12-03,804.0,0.012977195413884202,0.008724200958505617
2012-12-04,824.7,0.025746268656716476,0.010475829484543606
2012-12-05,832.6,0.009579240936097966,0.010611517498390345
2012-12-06,843.9,0.01357194331011291,0.010916687965389948
2012-12-07,834.6,-0.011020263064344116,0.011185311610215421
2012-12-10,828.3,-0.00754852624011515,0.011274580151652861
2012-12-11,820.05,-0.009960159362549792,0.011199073686958558
2012-12-12,832.6,0.015303944881409848,0.011546217516961929
2012-12-13,834.25,0.00198174393466255,0.011546180819724867
2012-12-14,839.25,0.005993407252022687,0.011359556955050488
2012-12-17,834.15,-0.006076854334227,0.011004435062360164
2012-12-18,831.4,-0.0032967691662171283,0.011066069388449049
2012-12-19,839.5,0.009742602838585634,0.01054071081775738
2012-12-20,837.85,-0.0019654556283501545,0.010617562205783427
2012-12-21,825.25,-0.015038491376738072,0.011203439043964659
2012-12-24,820.7,-0.005513480763404965,0.011277902658624144
2012-12-26,828.25,0.009199463872304081,0.011334009338186981
2012-12-27,817.7,-0.012737699969815774,0.011416989055243345
2012-12-28,840.25,0.027577351106762737,0.012488959974079197
2012-12-31,839.55,-0.0008330853912527081,0.012362466832745975
2013-01-01,840.7,0.0013697814305284606,0.012134048566872165
2013-01-02,847.95,0.008623765909361314,0.010938101946051182
2013-01-03,860.75,0.01509522967156074,0.011219841589044965
2013-01-04,861.85,0.0012779552715656006,0.010867784230689516
2013-01-07,856.6,-0.006091547253002316,0.01063158879044143
2013-01-08,850.65,-0.006946065841699767,0.010605856126296737
2013-01-09,852.7,0.0024099218244872933,0.010264602959744693
2013-01-10,850.05,-0.0031077753019820298,0.009825219060052822
2013-01-11,839.9,-0.0119404740897594,0.010242535040789874
2013-01-14,847.55,0.009108227169901228,0.010355327382140707
2013-01-15,847.15,-0.00047194855760723797,0.010241972736181116
2013-01-16,861.35,0.01676208463672313,0.010785036234357781
2013-01-17,890.0,0.03326174029140305,0.012789588601137155
2013-01-18,900.2,0.011460674157303341,0.01286725574040093
2013-01-21,919.95,0.021939568984669977,0.012692552964158749
2013-01-22,920.05,0.000108701559867308,0.012496013172298096
2013-01-23,923.05,0.003260692353676431,0.012481615861082117
2013-01-24,915.55,-0.00812523698607881,0.012165384399366982
2013-01-25,912.2,-0.0036590027852110296,0.011179002978585826
2013-01-28,897.55,-0.01606007454505598,0.012024582693954204
2013-01-29,882.85,-0.016377917664753938,0.012812425326272333
2013-01-30,899.4,0.01874610636008378,0.013258133554235612
2013-01-31,886.65,-0.014176117411607736,0.013470382706129215
2013-02-01,894.0,0.008289629504314,0.013553397926862179
2013-02-04,886.7,-0.00816554809843395,0.013625660391637909
2013-02-05,874.75,-0.013476936957257268,0.013921735130950302
2013-02-06,875.65,0.0010288653901113776,0.01392035352912282
2013-02-07,872.9,-0.003140524182036253,0.013920916107868834
2013-02-08,863.55,-0.010711421697789048,0.013861425413057528
2013-02-11,868.4,0.0056163511087952145,0.013782050896261864
2013-02-12,875.45,0.008118378627360645,0.013857394353678882
2013-02-13,879.0,0.004055057399051876,0.013416439581542015
2013-02-14,856.05,-0.02610921501706487,0.012459815091385886
2013-02-15,845.8,-0.011973599672916335,0.01224027448398665
2013-02-18,847.5,0.002009931425869027,0.01082954313610281
2013-02-19,848.4,0.001061946902654931,0.01085082642932872
2013-02-20,874.8,0.03111739745403108,0.013334154027030488
2013-02-21,859.2,-0.017832647462276974,0.013717168075630497
2013-02-22,862.6,0.003957169459962717,0.013805737688052488
2013-02-25,854.35,-0.009564108509158342,0.013548934770145925
2013-02-26,823.5,-0.03610932287704105,0.015235522512845646
2013-02-27,831.3,0.00947176684881601,0.014657351409797669
2013-02-28,813.85,-0.02099121857331887,0.014986151064209103
2013-03-01,810.4,-0.0042391104011796354,0.014697097424675046
2013-03-04,812.6,0.002714708785784836,0.014766925452760402
2013-03-05,826.35,0.01692099433915817,0.015321196259119704
2013-03-06,835.25,0.010770254734676632,0.01559929781449474
2013-03-07,836.5,0.0014965579167913745,0.015619700916836144
2013-03-08,851.3,0.0176927674835623,0.016071759576932177
2013-03-11,844.5,-0.007987783390109193,0.016083107774892375
2013-03-12,847.85,0.003966844286560134,0.01598201875666754
2013-03-13,845.0,-0.003361443651589302,0.015932831626170353
2013-03-14,860.05,0.017810650887573942,0.015431988439718948
2013-03-15,843.65,-0.019068658798907068,0.015807105105963632
2013-03-18,834.3,-0.011082794997925749,0.01598919141964412
2013-03-19,825.0,-0.011147069399496501,0.016152110365202373
2013-03-20,822.7,-0.0027878787878787836,0.014239648558388987
2013-03-21,812.6,-0.012276650054698024,0.013986346220746067
2013-03-22,810.6,-0.0024612355402412467,0.013899144639650614
2013-03-25,809.25,-0.0016654330125832617,0.013815125450399625
2013-03-26,783.35,-0.03200494284831634,0.013312769669122005
2013-03-28,772.9,-0.013340141699112795,0.013217953604013283
2013-04-01,778.75,0.007568896364342104,0.012769907380418796
2013-04-02,793.9,0.01945425361155695,0.013633206741863758
2013-04-03,776.55,-0.021854137800730644,0.014373429937935282
2013-04-04,767.55,-0.01158972377824996,0.01378225230214341
2013-04-05,780.1,0.016350726337046595,0.014140191731220645
2013-04-08,789.4,0.011921548519420622,0.014514075517115725
2013-04-09,776.95,-0.0157714720040536,0.01394591675959482
2013-04-10,779.4,0.0031533560718191023,0.014020165648902076
2013-04-11,771.1,-0.010649217346676898,0.013968853020931284
2013-04-12,775.35,0.005511606795487012,0.014151312597552987
2013-04-15,793.6,0.023537757141935955,0.014668560533847042
2013-04-16,804.95,0.014301915322580738,0.014751235271696228
2013-04-17,773.7,-0.0388222870985776,0.016789548202268592
2013-04-18,781.6,0.01021067597259906,0.016964477073644613
2013-04-22,789.75,0.010427328556806614,0.0172107359697649
2013-04-23,803.7,0.01766381766381775,0.017559248996261403
2013-04-25,819.65,0.01984571357471676,0.018121089789705606
2013-04-26,792.4,-0.033245897639236244,0.019650574766861478
2013-04-29,792.65,0.0003154972236243392,0.018232881461915252
2013-04-30,788.2,-0.005614079354065438,0.017998996656215852
2013-05-02,802.9,0.018650088809946563,0.018374094128988383
2013-05-03,800.5,-0.002989164279486811,0.017911587268289064
2013-05-06,821.6,0.02635852592129928,0.017979343119369842
2013-05-07,828.15,0.007972249269717624,0.017674626583808306
2013-05-08,829.65,0.001811266074986495,0.017435398889179762
2013-05-09,818.1,-0.013921533176640688,0.01771273783417614
2013-05-10,812.95,-0.0062950739518395915,0.017336851045456503
2013-05-11,814.1,0.0014146011439817308,0.017337292747733716
2013-05-13,803.0,-0.013634688613192503,0.017467237799085975
2013-05-14,798.15,-0.006039850560398574,0.01754192062543231
2013-05-15,819.0,0.026122909227588753,0.017720710571964816
2013-05-16,840.65,0.02643467643467634,0.018369652253345477
2013-05-17,835.5,-0.006126211859870279,0.015787689547239223
2013-05-20,831.15,-0.00520646319569118,0.015843126281928136
2013-05-21,828.6,-0.0030680382602418232,0.015806328134642625
2013-05-22,818.75,-0.011887521119961386,0.015697268296417113
2013-05-23,784.45,-0.041893129770992354,0.017742743274520727
2013-05-24,786.45,0.002549557014468684,0.016164668841730484
2013-05-27,828.3,0.05321380888804117,0.02010894893705557
2013-05-28,843.4,0.018230109863575983,0.02031504423908465
2013-05-29,847.9,0.005335546597106999,0.020011257250557506
2013-05-30,836.8,-0.013091166411133393,0.02029373251826686
2013-05-31,806.3,-0.03644837476099427,0.02123128506426506
2013-06-03,787.9,-0.022820290214560335,0.02167905656478864
2013-06-04,780.2,-0.00977281380885886,0.0217191004239612
2013-06-05,802.0,0.027941553447833778,0.022595039101078664
2013-06-06,792.0,-0.012468827930174564,0.022716597390129052
2013-06-07,783.6,-0.010606060606060619,0.02280650113071995
2013-06-10,789.35,0.007337927514037723,0.022708964570861512
2013-06-11,785.6,-0.004750744283271047,0.022694576026664092
2013-06-12,790.8,0.006619144602851179,0.021893060816838762
2013-06-13,789.8,-0.0012645422357107083,0.02088419315452119
2013-06-14,814.65,0.03146366168650294,0.02222765870788738
2013-06-17,825.55,0.013379979132142505,0.022431432943559048
2013-06-18,823.4,-0.0026043243898007384,0.02242844310522953
2013-06-19,831.7,0.010080155452999895,0.02235739478003296
2013-06-20,798.0,-0.04051941805939652,0.02222030464948472
2013-06-21,792.85,-0.006453634085213045,0.022280301030924793
2013-06-24,792.65,-0.0002522545248155872,0.018532607458128125
2013-06-25,803.8,0.014066738156815806,0.018315125598765674
2013-06-26,803.6,-0.0002488181139586043,0.018235930174429017
2013-06-27,830.0,0.03285216525634649,0.019671500225561106
2013-06-28,862.6,0.039277108433734886,0.01961970051926318
2013-07-01,885.7,0.026779503825643536,0.019240387525828385
2013-07-02,871.85,-0.015637348989499866,0.019536515884317485
2013-07-03,850.85,-0.02408671216378966,0.019886796894653107
2013-07-04,861.65,0.012693189163777374,0.019641214432909223
2013-07-05,880.35,0.021702547438054998,0.019670130439554
2013-07-08,866.95,-0.015221218833418537,0.020229539007515243
2013-07-09,874.8,0.00905473210681107,0.02011835822911443
2013-07-10,856.0,-0.021490626428897985,0.021004606220883223
2013-07-11,870.05,0.016413551401869064,0.02113505273861221
2013-07-12,889.95,0.022872248721337973,0.020651994862147912
2013-07-15,896.85,0.007753244564301376,0.020564705134477498
2013-07-16,900.6,0.004181301220939959,0.0204997785925726
2013-07-17,914.95,0.01593382189651349,0.02062219598431681
2013-07-18,917.25,0.002513798568227754,0.017656391183730143
2013-07-19,923.7,0.007031888798037622,0.017365236039318294
2013-07-22,909.05,-0.015860127747104102,0.01808249278219603
2013-07-23,909.55,0.0005500247511138756,0.01805819245262494
2013-07-24,909.35,-0.00021988895607705228,0.0180576369484451
2013-07-25,890.75,-0.020454170561389984,0.017873832897576734
2013-07-26,890.15,-0.0006735896716250078,0.015799312767099352
2013-07-29,885.7,-0.004999157445374269,0.014703436394645152
2013-07-30,857.35,-0.03200858078356106,0.016022385470299248
2013-07-31,872.05,0.017145856418032235,0.015501177376942598
2013-08-01,850.0,-0.025285247405538613,0.01634139990726595
2013-08-02,857.35,0.008647058823529452,0.015651795931638544
2013-08-05,861.55,0.0048988161194376545,0.015347187869409248
2013-08-06,841.05,-0.0237943241831583,0.016046466493346047
2013-08-07,872.45,0.03733428452529597,0.017573920603421955
2013-08-08,865.65,-0.0077941429308270305,0.017295062976665533
2013-08-12,845.65,-0.02310402587650895,0.017134133114162748
2013-08-13,852.9,0.008573286820788839,0.01716069486826935
2013-08-14,865.0,0.014186891780982647,0.017504117038560786
2013-08-16,826.7,-0.044277456647398794,0.019360526671727062
2013-08-19,820.25,-0.0078021047538405774,0.019290481646623194
2013-08-20,825.35,0.006217616580310947,0.019263713808555925
2013-08-21,783.6,-0.050584600472526775,0.021667548494204658
2013-08-22,806.1,0.02871362940275657,0.023065889060175555
2013-08-23,819.5,0.01662324773601287,0.02358069728207537
2013-08-26,822.6,0.0037827943868211644,0.02336223001420944
2013-08-27,803.25,-0.023522975929978096,0.0237612157618833
2013-08-28,811.8,0.010644257703081195,0.024012280771591114
2013-08-29,845.25,0.04120473022912052,0.025085613672575717
2013-08-30,853.85,0.010174504584442579,0.024876400993660668
2013-09-02,886.75,0.03853135796685603,0.025645698337909265
2013-09-03,831.0,-0.06287003101212296,0.029438982822308783
2013-09-04,849.35,0.02208182912154033,0.02987214344322863
2013-09-05,862.55,0.01554129628539469,0.029535793693945704
2013-09-06,868.0,0.006318474291345577,0.028356059578393027
2013-09-10,890.35,0.025748847926267304,0.028850251746740434
2013-09-11,887.75,-0.002920199921379263,0.02828030508108861
2013-09-12,875.4,-0.01391157420444944,0.028485662566339134
2013-09-13,873.0,-0.002741603838245399,0.028346076409963224
2013-09-16,861.75,-0.012886597938144284,0.02652663898424733
2013-09-17,858.15,-0.004177545691905982,0.026465458072994406
2013-09-18,871.95,0.016081104701975324,0.026627854096760804
2013-09-19,890.6,0.021388841103274325,0.023693728876319278
2013-09-20,881.9,-0.009768695261621385,0.023371466844844303
2013-09-23,874.35,-0.008561061344823595,0.023377443862947156
2013-09-24,874.6,0.000285926688396998,0.023388345962756813
2013-09-25,849.05,-0.02921335467642361,0.02376382885235766
2013-09-26,838.25,-0.012720098934102753,0.023944326486724246
2013-09-27,839.9,0.0019683865195347927,0.02208813586796591
2013-09-30,822.4,-0.02083581378735566,0.022416207099331273
2013-10-01,821.45,-0.0011551556420232867,0.02033345720717993
2013-10-03,846.95,0.031042668452127442,0.016391585316266718
2013-10-04,854.4,0.008796268965109988,0.015752343827394634
2013-10-07,844.05,-0.012113764044943798,0.015567273973674085
2013-10-08,844.95,0.0010662875422073892,0.015481939996633167
2013-10-09,860.9,0.018876856618734728,0.014917609593185268
2013-10-10,860.0,-0.0010454175862468773,0.014914601523838151
2013-10-11,863.35,0.0038953488372093226,0.014662879720832129
2013-10-14,870.3,0.00805003764406087,0.01477768136835303
2013-10-15,867.8,-0.002872572676088758,0.014486687018458351
2013-10-17,880.35,0.014461857570869041,0.014770144899148886
2013-10-18,905.65,0.02873856988697665,0.01567651566295644
2013-10-21,913.2,0.00833655385634624,0.015088141928165317
2013-10-22,904.2,-0.009855453350854138,0.015091522461913745
2013-10-23,896.75,-0.008239327582393319,0.015080561111714562
2013-10-24,884.5,-0.013660440479509317,0.015451369511795729
2013-10-25,887.0,0.002826455624646673,0.013757429448688976
2013-10-28,890.75,0.0042277339346110665,0.013299318067950889
2013-10-29,896.8,0.006792029188885662,0.013320950954404063
2013-10-30,898.15,0.0015053523639607658,0.012061806536241814
2013-10-31,914.7,0.01842676613037919,0.012370798373809366
2013-11-01,908.25,-0.007051492292554973,0.011091521804231792
2013-11-03,908.7,0.0004954582989264988,0.011040383192088521
2013-11-05,909.7,0.0011004732034773923,0.010459400992981635
2013-11-06,898.6,-0.012201824777399173,0.011046468829305607
2013-11-07,885.9,-0.01413309592699763,0.011037534827145026
2013-11-08,875.95,-0.011231515972457307,0.011390055863021279
2013-11-11,863.9,-0.013756492950510957,0.011827797171585153
2013-11-12,852.6,-0.013080217617779777,0.012022223070750853
2013-11-13,844.4,-0.009617640159512164,0.01217241173762614
2013-11-14,851.65,0.008585978209379341,0.011838393973860196
2013-11-18,874.75,0.02712381847002887,0.011624239613168259
2013-11-19,878.35,0.004115461560445954,0.011470288035198391
2013-11-20,862.5,-0.018045198383332406,0.011907785867235137
2013-11-21,847.6,-0.017275362318840526,0.012309987384666897
2013-11-22,843.75,-0.004542236904200081,0.012050472732521862
2013-11-25,851.7,0.00942222222222222,0.012285730454764946
2013-11-26,841.25,-0.012269578490078703,0.01240189908112046
2013-11-27,837.95,-0.003922734026745811,0.012196282778458337
2013-11-28,847.95,0.011933886270063754,0.012628593412391365
2013-11-29,853.2,0.0061914027949760975,0.01181663500078929
2013-12-02,855.3,0.0024613220815752346,0.011853652265313201
2013-12-03,861.9,0.007716590669940349,0.012071528891385427
2013-12-04,856.05,-0.006787330316742057,0.012074107788635853
2013-12-05,871.0,0.01746393318147299,0.012686408465908605
2013-12-06,866.7,-0.004936854190585427,0.012366375726949477
2013-12-09,878.95,0.014134071766470413,0.012563409939674442
2013-12-10,884.65,0.006485010523920476,0.012185681142617262
2013-12-11,882.6,-0.0023173006273666807,0.011748988002364357
2013-12-12,870.2,-0.014049399501472881,0.01201437495003489
2013-12-13,864.7,-0.006320386118133792,0.012018875274946876
2013-12-16,845.05,-0.022724644385336057,0.011433408550704627
2013-12-17,839.2,-0.006922667297792895,0.011406155758434964
2013-12-18,859.95,0.02472592945662533,0.012259646884051961
2013-12-19,854.05,-0.006860864003721212,0.011699050411364518
2013-12-20,895.15,0.04812364615654818,0.015745153309836446
2013-12-23,896.25,0.0012288443277663763,0.015677824752515668
2013-12-24,898.05,0.0020083682008367187,0.015281930564326777
2013-12-26,887.55,-0.011691999331885805,0.015573343872146098
2013-12-27,878.85,-0.009802264661145754,0.015674671952457125
2013-12-30,887.1,0.009387267451783643,0.015736821980703763
2013-12-31,895.2,0.009130875887723988,0.015816105965068925
2014-01-01,888.8,-0.0071492403932083,0.015902157289925622
2014-01-02,875.0,-0.01552655265526548,0.016262370963575273
2014-01-03,864.25,-0.012285714285714233,0.01605758393087109
2014-01-06,854.95,-0.010760775238646159,0.016198888860820205
2014-01-07,842.1,-0.01503011872039306,0.016119051644156973
2014-01-08,849.05,0.008253176582353472,0.016172899416098205
2014-01-09,850.7,0.0019433484482658248,0.01619556325006488
2014-01-10,858.15,0.008757493828611684,0.016084006360137987
2014-01-13,880.4,0.025927868088329475,0.017064363453266625
2014-01-14,881.5,0.0012494320763289934,0.01612348450802481
2014-01-15,885.45,0.004480998298355132,0.01598361143535623
2014-01-16,886.15,0.0007905584730927284,0.015129180321912305
2014-01-17,884.75,-0.0015798679681768846,0.015019265992832164
2014-01-20,869.75,-0.016953941791466476,0.010977333624398133
2014-01-21,863.05,-0.007703363035355015,0.011047040525828214
2014-01-22,872.45,0.010891605353108291,0.011382870551665442
2014-01-23,865.8,-0.00762221330735291,0.01122416054573338
2014-01-24,867.65,0.002136752136752129,0.0110577096569557
2014-01-27,843.15,-0.028237192416296852,0.012392155774430204
2014-01-28,844.85,0.0020162485915911077,0.012141361811952812
2014-01-29,836.6,-0.009765047049772102,0.01220437692929414
2014-01-30,825.0,-0.01386564666507295,0.012119658058260657
2014-01-31,831.15,0.00745454545454538,0.012116119575618403
2014-02-03,820.9,-0.01233231065391327,0.01218165861265957
2014-02-04,821.55,0.0007918138628335569,0.011795787877821616
2014-02-05,817.25,-0.00523400888564296,0.011612929566139853
2014-02-06,815.85,-0.0017130620985010836,0.011578921633174743
2014-02-07,814.45,-0.001716001716001725,0.011299035634307904
2014-02-10,821.95,0.009208668426545552,0.00956700841684632
2014-02-11,805.25,-0.020317537563112165,0.010210925843935154
2014-02-12,817.9,0.015709407016454513,0.011006300288594055
2014-02-13,807.4,-0.012837755226800307,0.011121753305662285
2014-02-14,822.05,0.018144661877631973,0.01222221244396949
2014-02-17,812.3,-0.011860592421385596,0.011979920148427258
2014-02-18,813.15,0.0010464114243506906,0.011972049988620738
2014-02-19,812.25,-0.0011068068622025473,0.011537027843437206
2014-02-20,805.45,-0.00837180670975679,0.011552314669851089
2014-02-21,811.5,0.007511329070705841,0.01175216002727097
2014-02-24,812.35,0.0010474430067775042,0.010200028042539246
2014-02-25,810.55,-0.002215793684988032,0.010160304757505335
2014-02-26,810.7,0.00018505952748149035,0.010003558168023815
2014-02-28,799.95,-0.013260145553225633,0.009965082188426259
2014-03-03,803.4,0.004312769548096673,0.009840590519305826
2014-03-04,812.95,0.011886980333582375,0.009946532285993294
2014-03-05,807.0,-0.007319023310166761,0.010058407970516626
2014-03-06,822.45,0.019144981412639428,0.010937330012613534
2014-03-07,869.4,0.05708553711471809,0.016720397568000266
2014-03-10,885.45,0.018461007591442424,0.01700718424985635
2014-03-11,874.75,-0.012084250945846753,0.017348274038213405
2014-03-12,871.35,-0.0038868248070876854,0.01654345264387734
2014-03-13,879.55,0.009410684569920225,0.0163694442709759
2014-03-14,886.15,0.007503837189472007,0.01590906112218756
2014-03-18,896.45,0.011623314337301904,0.015686030961144858
2014-03-19,903.0,0.0073065982486473224,0.01521515298895243
2014-03-20,906.0,0.0033222591362125353,0.015189256952478731
2014-03-21,885.8,-0.022295805739514396,0.016369493108780272
2014-03-22,888.15,0.0026529690675096695,0.016097716770859773
2014-03-24,905.4,0.019422394865732162,0.016412014578744267
2014-03-25,879.3,-0.02882703777335982,0.018120226141185622
2014-03-26,891.2,0.013533492550892756,0.018172466730520087
2014-03-27,900.75,0.010715888689407427,0.01818095169381183
2014-03-28,916.15,0.017096863724673783,0.017801207912546226
2014-03-31,930.75,0.015936254980079667,0.01789992962228069
2014-04-01,942.6,0.012731668009669628,0.017911732283223812
2014-04-02,958.2,0.016549968173138252,0.01766042485420898
2014-04-03,952.65,-0.005792110206637502,0.01776935990777644
2014-04-04,944.25,-0.008817509053692274,0.013750987846164416
2014-04-07,944.15,-0.000105904156738168,0.013360740166311785
2014-04-09,962.15,0.019064767250966508,0.013288356481038727
2014-04-10,969.05,0.007171438964818311,0.013134545566204888
2014-04-11,953.75,-0.015788658995923743,0.01391600165700323
2014-04-15,949.1,-0.004875491480996086,0.014033796854459397
2014-04-16,941.3,-0.00821831208513335,0.014132620983431054
2014-04-17,959.1,0.018910018060129596,0.014570035003659826
2014-04-21,959.6,0.0005213220727766643,0.014581438882594907
2014-04-22,967.75,0.008493122134222597,0.013345453652021872
2014-04-23,967.15,-0.0006199948333763805,0.013389531502193568
2014-04-25,948.25,-0.019541953161350323,0.013906543295782088
2014-04-28,945.0,-0.0034273662008963424,0.01192227025869561
2014-04-29,940.3,-0.004973544973545074,0.011834875706535084
2014-04-30,935.8,-0.004785706689354408,0.011793363711714173
2014-05-02,928.1,-0.008228253900406046,0.011438682734033381
2014-05-05,946.85,0.020202564378838384,0.011772482064286197
2014-05-06,963.35,0.017426202672017777,0.01206351556151863
2014-05-07,960.85,-0.002595110811231649,0.01152547522312234
2014-05-08,960.3,-0.0005724098454493731,0.011441415498507171
2014-05-09,997.6,0.038842028532750206,0.014068560001671542
2014-05-12,1028.7,0.031174819566960776,0.01539910075265622
2014-05-13,1063.4,0.033731894624283054,0.016447362517262004
2014-05-14,1045.5,-0.016832800451382468,0.017152225359150234
2014-05-15,1053.4,0.0075561932089909245,0.01652157554783503
2014-05-16,1079.25,0.02453958610214535,0.016891076341727953
2014-05-19,1120.05,0.037804030576789494,0.017875148001693462
2014-05-20,1079.85,-0.03589125485469402,0.02029355285883337
2014-05-21,1078.4,-0.001342779089688162,0.02032497882268364
2014-05-22,1100.8,0.020771513353115667,0.020586475756509685
2014-05-23,1127.45,0.024209665697674465,0.02087094433665617
2014-05-26,1101.7,-0.022839150294913346,0.021110789485078912
2014-05-27,1087.95,-0.012480711627484764,0.02145703801691035
2014-05-28,1088.9,0.0008732018934693997,0.021320616817090216
2014-05-29,1073.55,-0.01409679493066407,0.021703030690705737
2014-05-30,1064.7,-0.008243677518513293,0.021703604759628008
2014-06-02,1082.2,0.01643655489809337,0.021600142437408144
2014-06-03,1095.4,0.012197375716133774,0.021497732324557976
2014-06-04,1077.5,-0.016341062625525038,0.022022595604805077
2014-06-05,1089.9,0.01150812064965212,0.02199922735098761
2014-06-06,1122.4,0.029819249472428755,0.021386772603883945
2014-06-09,1122.65,0.0002227369921596889,0.020583712960022253
2014-06-10,1118.3,-0.0038747606110542954,0.019467975931464918
2014-06-11,1102.1,-0.014486273808459349,0.019350782892947786
2014-06-12,1094.15,-0.007213501497141617,0.019442018509767196
2014-06-13,1081.9,-0.011195905497418113,0.018903794059785074
2014-06-16,1065.45,-0.015204732415195488,0.016986367369213943
2014-06-17,1090.05,0.023088835703223953,0.015946288856161277
2014-06-18,1066.75,-0.02137516627677627,0.0166860836117294
2014-06-19,1042.1,-0.023107569721115606,0.01663893559734254
2014-06-20,1036.5,-0.005373764513962098,0.015398392983266963
2014-06-23,1037.95,0.0013989387361312833,0.014786283271079784
2014-06-24,1059.85,0.021099282239028794,0.01552585861641132
2014-06-25,1051.0,-0.008350238241260466,0.015598057378002976
2014-06-26,1011.9,-0.03720266412940054,0.017327875713717075
2014-06-27,1012.1,0.00019764798893184832,0.017291322822362308
2014-06-30,1015.4,0.0032605473767413073,0.01677980146083193
2014-07-01,1008.0,-0.0072877683671459526,0.01640971537224207
2014-07-02,1018.25,0.010168650793650702,0.016432822164296184
2014-07-03,1006.5,-0.011539405843358663,0.016190691746932318
2014-07-04,1031.95,0.025285643318430306,0.015719399962678963
2014-07-07,1027.2,-0.004602936188768836,0.015686970906721137
2014-07-08,995.05,-0.03129867601246117,0.016805105661422674
2014-07-09,1000.95,0.00592935028390551,0.016862431790725753
2014-07-10,997.2,-0.003746440881162938,0.01685268446780538
2014-07-11,966.5,-0.03078620136381871,0.01780518570374205
2014-07-14,961.75,-0.004914640455250918,0.01765721151563978
2014-07-15,972.2,0.01086560956589544,0.016827391049776857
2014-07-16,989.7,0.018000411437975705,0.017180497477012353
2014-07-17,982.5,-0.007274931797514483,0.016588920353461035
2014-07-18,976.75,-0.005852417302798951,0.016593160624270825
2014-07-21,997.65,0.021397491681597103,0.01744241262482906
2014-07-22,1030.95,0.03337843933243123,0.01847747448356906
2014-07-23,1033.25,0.002230952034531164,0.018413904683142076
2014-07-24,1041.05,0.007548995886764942,0.016346411040308602
2014-07-25,1021.85,-0.018442918207578818,0.016947812074549432
2014-07-28,1005.6,-0.015902529725497883,0.01732786757083868
2014-07-30,1006.15,0.0005469371519490895,0.017250972328904438
2014-07-31,1006.45,0.00029816627739398527,0.01708665152169229
2014-08-01,976.3,-0.02995677877688918,0.018177570475355825
2014-08-04,985.0,0.008911195329304622,0.017259627896231537
2014-08-05,983.85,-0.0011675126903553101,0.017251375407982238
2014-08-06,988.15,0.004370584946892242,0.0158512597013553
2014-08-07,989.3,0.0011637909224306853,0.015789523287892276
2014-08-08,980.5,-0.008895178408976023,0.01588748278414061
2014-08-11,980.5,0.0,0.014226051778768511
2014-08-12,984.4,0.003977562468128415,0.014176416393762454
2014-08-13,990.15,0.005841121495327117,0.014041105910239243
2014-08-14,1002.95,0.012927334242286648,0.013761022211836792
2014-08-18,1013.05,0.010070292636721545,0.013774882589803293
2014-08-19,1009.3,-0.0037016929075563976,0.013721751344186786
2014-08-20,998.35,-0.01084910333894773,0.01317266333168761
2014-08-21,995.1,-0.0032553713627485603,0.010600013026241641
2014-08-22,998.3,0.0032157572103306276,0.010621569473193013
2014-08-25,995.8,-0.002504257237303409,0.010398104375876622
2014-08-26,993.35,-0.0024603334002810673,0.00967013698200945
2014-08-27,993.7,0.00035234308149201254,0.009047336615274518
2014-08-28,998.7,0.005031699708161419,0.009131293161269717
2014-09-01,1014.1,0.015420046059877901,0.009788584965011343
2014-09-02,1023.8,0.009565131643822111,0.0068936872919028854
2014-09-03,1031.25,0.0072768118773198776,0.00682176017520669
2014-09-04,1025.9,-0.005187878787878741,0.006987133761751675
2014-09-05,1025.65,-0.0002436884686616292,0.006985017671262435
2014-09-08,1037.7,0.011748647199336881,0.00732027255908996
2014-09-09,1033.0,-0.004529247374000289,0.007024311230905864
2014-09-10,1015.85,-0.016602129719264225,0.0082296396462286
2014-09-11,1019.4,0.003494610424767286,0.008223634627074143
2014-09-12,1015.6,-0.0037276829507553177,0.008253256402460597
2014-09-15,1002.75,-0.012652619141394261,0.008338490896225325
2014-09-16,979.4,-0.023285963600099713,0.009480757062123077
2014-09-17,988.65,0.009444557892587246,0.00978159057970456
2014-09-18,1004.9,0.01643655489809337,0.010226457570278224
2014-09-19,995.45,-0.00940392078813801,0.01043175430336742
2014-09-22,991.55,-0.003917826108795097,0.010440464749933289
2014-09-23,965.85,-0.0259190156825172,0.011911343964856451
2014-09-24,965.05,-0.0008282859657297026,0.011909706034463164
2014-09-25,929.85,-0.03647479405212162,0.014246104177861759
2014-09-26,933.25,0.0036565037371618647,0.014207458358964146
2014-09-29,933.15,-0.00010715242432357552,0.013540006967602655
2014-09-30,945.7,0.013449070353105164,0.01377162482713191
2014-10-01,927.2,-0.019562229036692358,0.01393508361097339
2014-10-07,926.15,-0.0011324417601381587,0.013964905785020418
2014-10-08,936.7,0.011391243319116784,0.01440909395590993
2014-10-09,954.65,0.019163019109640134,0.014932996529040392
2014-10-10,960.65,0.00628502592573188,0.015109678845471626
2014-10-13,957.9,-0.0028626450840576467,0.014792335262715796
2014-10-14,961.25,0.003497233531683852,0.01479239428094153
2014-10-16,931.0,-0.03146944083224967,0.01612214893093702
2014-10-17,937.9,0.007411385606874266,0.016193545587951316
2014-10-20,935.05,-0.003038703486512473,0.015490122265761696
2014-10-21,929.35,-0.006095930698893026,0.01526342250662629
2014-10-22,945.65,0.017539140259321018,0.015339032482028525
2014-10-23,952.7,0.007455189552159958,0.015427005716342592
2014-10-27,941.35,-0.011913508974493614,0.015580035823237666
2014-10-28,934.05,-0.007754820205024826,0.0146428945763877
2014-10-29,951.6,0.018789144050104456,0.015335819579903502
2014-10-30,979.25,0.02905632618747367,0.014225373895532157
2014-10-31,1000.55,0.021751340311462863,0.014851851334741307
2014-11-03,1002.35,0.0017990105442007298,0.014832963893352497
2014-11-05,991.3,-0.011024093380555766,0.014993917376572583
2014-11-07,980.5,-0.010894784626248266,0.014438756433950619
2014-11-10,969.35,-0.011371749107598195,0.014766973567200968
2014-11-11,977.7,0.00861401970392528,0.014690692929648058
2014-11-12,974.05,-0.0037332515086427875,0.014186541761751327
2014-11-13,969.25,-0.0049278784456650015,0.01419249123928527
2014-11-14,969.15,-0.00010317255610015064,0.0141710548521992
2014-11-17,985.2,0.016560903884847544,0.014602287935420287
2014-11-18,988.65,0.0035018270401947493,0.012394611902714561
2014-11-19,978.15,-0.010620543164921892,0.012714734332393892
2014-11-20,980.75,0.002658079026734095,0.012655355661936317
2014-11-21,997.7,0.01728269181748665,0.012900394642874773
2014-11-24,985.35,-0.012378470482108828,0.012937559183079582
2014-11-25,993.0,0.00776373877302472,0.01294441641572998
2014-11-26,987.05,-0.005991943605236694,0.01267057027185289
2014-11-27,988.65,0.0016209918443848004,0.012444612926342746
2014-11-28,991.6,0.002983866889192388,0.0118723647774458
2014-12-01,961.6,-0.03025413473174665,0.012194933331230822
2014-12-02,962.65,0.0010919301164724615,0.010996913479467461
2014-12-03,968.35,0.0059211551446527455,0.011107395206010512
2014-12-04,958.55,-0.01012030773997008,0.011069087276373658
2014-12-05,957.35,-0.0012518908768451853,0.01085170593356762
2014-12-08,944.6,-0.013318013265785744,0.010956530755569417
2014-12-09,939.85,-0.005028583527418973,0.010733487354128513
2014-12-10,932.55,-0.007767196893121331,0.010807060194423764
2014-12-11,906.15,-0.028309474022840564,0.01228987979328055
2014-12-12,882.35,-0.02626496716879101,0.013285055878013369
2014-12-15,878.8,-0.004023346744489231,0.012322184878061616
2014-12-16,864.6,-0.016158397815202452,0.012339936901068793
2014-12-17,869.5,0.005667360629192597,0.012596018255782424
2014-12-18,880.1,0.012190914318573887,0.013102845522012284
2014-12-19,900.55,0.023235995909555607,0.013697415230140009
2014-12-22,904.9,0.004830381433568398,0.013751218730502791
2014-12-23,893.75,-0.012321803514200425,0.013566849432038305
2014-12-24,884.15,-0.010741258741258752,0.013623561527895433
2014-12-26,888.85,0.005315840072386058,0.013748273866170013
2014-12-29,897.0,0.009169151150362875,0.01400952442056979
2014-12-30,880.15,-0.018784838350055733,0.013124113582118919
2014-12-31,891.15,0.012497869681304286,0.013611057244287343
2015-01-01,887.9,-0.00364697301239969,0.013419562517381136
2015-01-02,885.55,-0.002646694447572928,0.01335112540022928
2015-01-05,875.85,-0.010953644627632486,0.013427110290747857
2015-01-06,836.1,-0.04538448364445968,0.016185217798242422
2015-01-07,854.3,0.021767731132639634,0.01733435649925384
2015-01-08,842.05,-0.014339225096570263,0.017459072030787448
2015-01-09,860.3,0.021673297310135897,0.0175158353553135
2015-01-12,850.3,-0.01162385214460071,0.016757484860119198
2015-01-13,843.15,-0.008408796895213455,0.01681787904648465
2015-01-14,834.95,-0.009725434382968579,0.01659148785287092
2015-01-15,864.25,0.035091921671956294,0.01846922974927637
2015-01-16,869.7,0.006306045704367991,0.018308615573405882
2015-01-19,879.65,0.01144072668736329,0.017685373593120654
2015-01-20,903.05,0.02660148922867056,0.0187053045606329
2015-01-21,906.75,0.0040972260672167415,0.01849217175483948
2015-01-22,883.75,-0.02536531568789635,0.019249706565275675
2015-01-23,886.9,0.0035643564356435675,0.0192289608401516
2015-01-27,889.05,0.0024241740895252217,0.019119749742039647
2015-01-28,906.85,0.02002137112648339,0.019111077170578288
2015-01-29,929.4,0.02486629541820573,0.019671805577340534
2015-01-30,915.25,-0.015224876264256504,0.020022873164973944
2015-02-02,908.05,-0.007866703086588434,0.020116443056292153
2015-02-03,937.6,0.03254226088871759,0.021035311048361684
2015-02-04,928.8,-0.009385665529010323,0.01793248234277025
2015-02-05,923.7,-0.005490956072351283,0.017658617743408635
2015-02-06,909.9,-0.01493991555699914,0.01769203805071284
2015-02-09,896.7,-0.014507088691064873,0.017642702669193766
2015-02-10,882.0,-0.016393442622950838,0.0178704592762752
2015-02-11,900.7,0.021201814058956936,0.0181880287980538
2015-02-12,909.15,0.009381592095037083,0.017959204834178163
2015-02-13,917.5,0.009184403013804188,0.016505837300524608
2015-02-16,902.8,-0.01602179836512263,0.017026095446228278
2015-02-18,901.65,-0.0012738147984049375,0.01689213984664794
2015-02-19,902.05,0.00044363112072298705,0.015814054566937942
2015-02-20,873.1,-0.032093564658278284,0.017326393380261106
2015-02-23,851.45,-0.024796701408773325,0.01728601745945995
2015-02-24,841.45,-0.01174467085559927,0.017378490985027032
2015-02-25,843.15,0.0020203220631052066,0.017372721925854956
2015-02-26,842.0,-0.0013639328707821807,0.016552093286954565
2015-02-27,855.55,0.016092636579572384,0.015860504518235327
2015-02-28,865.15,0.011220852083455135,0.01597842212118142
2015-03-02,864.25,-0.0010402820320175588,0.015934861633000497
2015-03-03,900.8,0.042291003760486,0.017160295598357623
2015-03-04,887.85,-0.014376110124333819,0.017311090946051946
2015-03-05,884.95,-0.00326631750858819,0.017295365397534013
2015-03-09,869.65,-0.017289112379230587,0.017395564467904332
2015-03-10,859.15,-0.012073822802276757,0.017312656294746924
2015-03-11,855.95,-0.003724611534656308,0.016986808090400554
2015-03-12,863.8,0.009171096442549098,0.016346702056348594
2015-03-13,850.1,-0.015860152813151118,0.016399060483854058
2015-03-16,842.1,-0.009410657569697722,0.01618419146103175
2015-03-17,856.85,0.01751573447334054,0.01662145276148602
2015-03-18,868.65,0.013771371885394013,0.017014626825258936
2015-03-19,856.15,-0.014390145628273787,0.017236946531591663
2015-03-20,854.1,-0.00239444022659574,0.0157669294192539
2015-03-23,841.95,-0.014225500526870327,0.015089202109213298
2015-03-24,847.95,0.007126313914127991,0.01493523992405667
2015-03-25,844.9,-0.003596910195176717,0.014957741336661718
2015-03-26,829.3,-0.01846372351757608,0.015530136624442087
2015-03-27,811.7,-0.021222717954901604,0.015654333426940892
2015-03-30,810.75,-0.0011703831464827674,0.015323938675488225
2015-03-31,826.0,0.018809744064138156,0.016090175819617497
2015-04-01,836.05,0.01216707021791752,0.012782078791759655
2015-04-06,824.65,-0.013635548113151152,0.012750389828016148
2015-04-07,832.85,0.00994361244164188,0.013106214473510389
2015-04-08,865.9,0.039683016149366646,0.015749833823559666
2015-04-09,895.1,0.03372213881510566,0.01718123300761812
2015-04-10,904.35,0.010334040889286022,0.017214038873994836
2015-04-13,922.5,0.020069663294078666,0.017591577930771273
2015-04-15,923.65,0.0012466124661245637,0.017010118730816724
2015-04-16,928.35,0.005088507551561872,0.01670146855520426
2015-04-17,926.85,-0.0016157699143641846,0.016494640453555528
2015-04-20,885.65,-0.04445163726600854,0.01954648406684283
2015-04-21,876.45,-0.010387850731101378,0.019398929867981148
2015-04-22,879.75,0.003765189115180423,0.019385222549852376
2015-04-23,877.05,-0.003069053708439906,0.01906189017845725
2015-04-24,878.9,0.002109343823043286,0.019026865182446846
2015-04-27,875.3,-0.0040960291273182126,0.01903487161806447
2015-04-28,865.2,-0.011538900948246167,0.01870428241315425
2015-04-29,850.0,-0.017568192325473908,0.018479011479347936
2015-04-30,862.35,0.014529411764705902,0.018648899408916994
2015-05-04,890.95,0.03316518814866365,0.019534322265261424
2015-05-05,892.15,0.0013468769291204996,0.01944507239243314
2015-05-06,880.25,-0.013338564142801101,0.01943146141441847
2015-05-07,870.75,-0.010792388525986962,0.019618871576698255
2015-05-08,889.7,0.021762848119437406,0.01818371678256065
2015-05-11,895.95,0.007024839833651875,0.016606395810730843
2015-05-12,868.7,-0.030414643674312236,0.017754933366806336
2015-05-13,885.1,0.018878784390468528,0.017679360366281902
2015-05-14,878.2,-0.007795729296124709,0.01770977241763586
2015-05-15,873.95,-0.004839444317923047,0.017628666196492736
2015-05-18,891.55,0.02013845185651353,0.01836561351324012
2015-05-19,895.55,0.0044865683360439945,0.015401869015988215
2015-05-20,908.85,0.014851208754396827,0.015482074455427694
2015-05-21,896.75,-0.013313528084942572,0.015842349815141422
2015-05-22,903.85,0.007917479788123849,0.01588147272449521
2015-05-25,894.5,-0.010344636831332688,0.016104105052721904
2015-05-26,884.6,-0.011067635550586874,0.016294609203445713
2015-05-27,885.3,0.0007913181098802013,0.016040265031514414
2015-05-28,875.8,-0.010730825708799241,0.015686575451881485
2015-05-29,877.0,0.0013701758392328234,0.015389445320906258
2015-06-01,902.25,0.028791334093500653,0.014931902731634734
2015-06-02,898.65,-0.003990024937655878,0.014968057231475188
2015-06-03,896.35,-0.002559394647526747,0.014635067487281096
2015-06-04,912.7,0.01824064260612479,0.014841396499727167
2015-06-05,907.75,-0.005423468828749889,0.014212045082664337
2015-06-08,885.45,-0.024566235196915365,0.01523750674570008
2015-06-09,883.7,-0.001976396182731932,0.013527967586972294
2015-06-10,905.8,0.02500848704311398,0.014016324518049643
2015-06-11,877.15,-0.03162949878560384,0.015733798227376194
2015-06-12,889.85,0.014478709456763328,0.016007923283589846
2015-06-15,901.75,0.01337304040006737,0.015650225525432392
2015-06-16,903.95,0.0024397005822012208,0.015630740104578402
2015-06-17,931.2,0.030145472647823413,0.016702887048803454
2015-06-18,978.95,0.05127792096219941,0.01969532438219547
2015-06-19,996.65,0.018080596557536133,0.01991591250880647
2015-06-22,991.7,-0.004966638238097509,0.019732071747513045
2015-06-23,995.0,0.0033276192396893833,0.019360571585559518
2015-06-24,990.9,-0.004120603015075441,0.019462002127865436
2015-06-25,1004.55,0.013775355737208672,0.019133235216292527
2015-06-26,1000.7,-0.0038325618436114706,0.019249592459674874
2015-06-29,990.85,-0.009843109823123863,0.018860493564840413
2015-06-30,1000.1,0.009335419084624208,0.01876646141571893
2015-07-01,1005.65,0.005549445055494484,0.018669880260196718
2015-07-02,1010.85,0.005170785064386285,0.018443803922830213
2015-07-03,1007.2,-0.0036108225750606238,0.01839282128870906
2015-07-06,1015.55,0.008290309769658277,0.0169921641433953
2015-07-07,1003.25,-0.012111663630544944,0.017420133461173458
2015-07-08,996.6,-0.006628457513082497,0.017084840791060683
2015-07-09,987.4,-0.00923138671483048,0.015191808321959105
2015-07-10,1001.8,0.014583755316994074,0.015194895448781942
2015-07-13,1007.0,0.005190656817728234,0.015097193019116438
2015-07-14,997.8,-0.00913604766633569,0.015444287825937347
2015-07-15,1011.15,0.013379434756464192,0.014433055549755566
2015-07-16,1023.7,0.012411610542451657,0.009556989093897168
2015-07-17,1021.7,-0.001953697372277019,0.008836553586028442
2015-07-20,1024.75,0.002985220710580272,0.008718857270921006
2015-07-21,1007.8,-0.016540619663332534,0.009607435129510988
2015-07-22,1050.4,0.04227029172454877,0.013283471797216308
2015-07-23,1045.3,-0.00485529322163003,0.013140745343324009
2015-07-24,1025.05,-0.01937242896776048,0.013943124857467102
2015-07-27,1005.35,-0.01921857470367294,0.014484370184061561
2015-07-28,1010.25,0.0048739245039040036,0.014380391371408705
2015-07-29,996.0,-0.01410541945063104,0.014692721820518742
2015-07-30,1000.15,0.004166666666666652,0.014674458870989462
2015-07-31,1001.85,0.0016997450382443269,0.014661926804937738
2015-08-03,1002.45,0.0005988920497079775,0.014528740500178161
2015-08-04,988.0,-0.014414684024140922,0.01463394653763916
2015-08-05,987.75,-0.00025303643724694513,0.014566485930318455
2015-08-06,978.95,-0.008909136927360062,0.014556314946169142
2015-08-07,984.35,0.005516114203994116,0.014204311394296815
2015-08-10,968.9,-0.015695636714583294,0.014506557044179743
2015-08-11,966.0,-0.0029930849416863747,0.014408371673169067
2015-08-12,942.9,-0.023913043478260843,0.01478673816452819
2015-08-13,933.35,-0.010128327500265044,0.014372556211292641
2015-08-14,966.95,0.035999357154336664,0.01699450155038104
2015-08-17,950.7,-0.016805419101297847,0.017225886655543032
2015-08-18,944.1,-0.006942253076680394,0.01697842802971178
2015-08-19,954.6,0.011121703209405753,0.013709112917911622
2015-08-20,916.3,-0.04012151686570298,0.015835727850374952
2015-08-21,907.95,-0.009112736003492161,0.015558660889437704
2015-08-24,829.55,-0.08634836720083716,0.023691358584666332
2015-08-25,848.15,0.02242179494906882,0.024552730093013245
2015-08-26,853.4,0.0061899428167186965,0.024723797726576225
2015-08-27,869.15,0.018455589407077477,0.025275807425628998
2015-08-28,872.4,0.0037392855088305144,0.025315485932745182
2015-08-31,855.9,-0.01891334250343879,0.02540011585390905
2015-09-01,839.85,-0.018752190676480818,0.025480157388129608
2015-09-02,849.55,0.011549681490742314,0.02579816642311531
2015-09-03,853.85,0.005061503148725777,0.025937704793736308
2015-09-04,835.9,-0.02102242782690178,0.025970325706792353
2015-09-07,833.2,-0.003230051441559967,0.025920661823723438
2015-09-08,848.6,0.018482957273163736,0.026540969941819176
2015-09-09,874.05,0.029990572707989438,0.02736250548148362
2015-09-10,867.0,-0.00806590012013042,0.027339762919788683
2015-09-11,860.95,-0.006978085351787677,0.025728571842116663
2015-09-14,863.85,0.003368372147046772,0.02565588184942036
2015-09-15,868.15,0.004977716038664148,0.02573340357865397
2015-09-16,872.55,0.005068248574555012,0.025583086403794735
2015-09-18,895.4,0.02618761102515621,0.024966874861455334
2015-09-21,878.1,-0.019320973866428393,0.02524752959791274
2015-09-22,847.9,-0.034392438218881716,0.017538144830461937
2015-09-23,850.35,0.002889491685340362,0.01682597568051977
2015-09-24,837.35,-0.015287822661257167,0.017110854217955464
2015-09-28,834.25,-0.0037021556099600117,0.016504410781881765
2015-09-29,840.75,0.007791429427629559,0.016602090870078724
2015-09-30,862.3,0.025631876300921785,0.01715226555204609
2015-10-01,864.7,0.0027832540879044743,0.016544435978303147
2015-10-05,888.0,0.026945761535792645,0.017369881206302906
2015-10-06,898.05,0.01131756756756741,0.017477111115085896
2015-10-07,913.8,0.017537998997828597,0.016841028852730595
2015-10-08,889.1,-0.027029984679360797,0.0182087288370339
2015-10-09,887.35,-0.001968282532898491,0.017889144493446536
2015-10-12,891.75,0.004958584549501266,0.016691858682081746
2015-10-13,893.6,0.0020745724698627566,0.016551064700902375
2015-10-14,902.95,0.010463294538943568,0.016532414998977438
2015-10-15,903.7,0.0008306107757904968,0.016535256730638312
2015-10-16,912.15,0.009350448157574354,0.01660008591506406
2015-10-19,963.5,0.05629556542235381,0.020495111723312195
2015-10-20,956.7,-0.007057602490918469,0.020043780562553133
2015-10-21,955.0,-0.001776941569980206,0.01936460984501895
2015-10-23,955.65,0.000680628272251349,0.017127168107036118
2015-10-26,942.85,-0.013394025009155985,0.017668133343065395
2015-10-27,939.55,-0.003500026515352417,0.017132925985810076
2015-10-28,936.95,-0.0027672822095683447,0.01710657129862231
2015-10-29,941.0,0.004322535887720802,0.017104593184130667
2015-10-30,947.7,0.007120085015940525,0.016462912076189915
2015-11-02,959.8,0.01276775350849424,0.01654781016563744
2015-11-03,967.2,0.007709939570744062,0.015767707500086024
2015-11-04,951.3,-0.0164392059553351,0.016337734877862796
2015-11-05,936.6,-0.015452538631346546,0.016458597906147756
2015-11-06,952.4,0.016869528080290408,0.015364126777072546
2015-11-09,961.25,0.009292314153716896,0.015357417938958078
2015-11-10,922.75,-0.04005201560468141,0.018252740930055505
2015-11-11,928.45,0.006177187753996227,0.018278233397250453
2015-11-13,933.05,0.004954494049221658,0.018186403610768488
2015-11-16,934.3,0.0013396924066233495,0.018185336702391974
2015-11-17,927.75,-0.0070105961682542794,0.01819684307149687
2015-11-18,912.0,-0.016976556184316927,0.013157099592573471
2015-11-19,934.75,0.024945175438596534,0.014474206562850355
2015-11-20,946.85,0.012944637603637288,0.014806320031169412
2015-11-23,953.75,0.007287321117389167,0.014903281004810342
2015-11-24,967.7,0.014626474442988258,0.014894252659920146
2015-11-26,988.65,0.02164927146843021,0.015507103961765422
2015-11-27,979.05,-0.009710210893642879,0.01571148898802171
2015-11-30,965.85,-0.013482457484295884,0.01609177896504925
2015-12-01,965.9,5.176787285798845e-05,0.01603771540070383
2015-12-02,977.95,0.012475411533285019,0.01602662649759119
2015-12-03,977.2,-0.0007669103737409921,0.01595342749375755
2015-12-04,965.45,-0.012024150634465824,0.015733748537428136
2015-12-07,952.05,-0.013879538039256345,0.01565164720436785
2015-12-08,940.9,-0.011711569770495256,0.015423360121887855
2015-12-09,915.9,-0.02657030502710167,0.016286337538263314
2015-12-10,950.35,0.03761327655857638,0.016065386915844568
2015-12-11,952.95,0.0027358341663596963,0.016032139670698237
2015-12-14,955.1,0.002256151949210361,0.016012211732979502
2015-12-15,975.9,0.021777824311590255,0.016654863459044128
2015-12-16,978.65,0.002817911671277873,0.016509692878911356
2015-12-17,1009.7,0.031727379553466495,0.017022612763201897
2015-12-18,991.9,-0.017628998712488908,0.017090364231464372
2015-12-21,992.1,0.00020163322915611737,0.016941285403692347
2015-12-22,987.3,-0.004838221953432198,0.016976832319347247
2015-12-23,1003.8,0.016712245518079705,0.017065520074135487
2015-12-24,1000.55,-0.0032376967523410904,0.016451366354755425
2015-12-28,1010.4,0.009844585477987167,0.016379411760662793
2015-12-29,1015.4,0.004948535233570972,0.015993981838209402
2015-12-30,1004.5,-0.010734685838093339,0.01626489523125001
2015-12-31,1014.6,0.010054753608760514,0.016192359133506848
2016-01-01,1015.35,0.0007392075694854228,0.016182484842950855
2016-01-04,995.3,-0.019746885310484186,0.016621914398406712
2016-01-05,1005.15,0.009896513613985691,0.016299584277014084
2016-01-06,1032.2,0.02691140625777244,0.016765767389537556
2016-01-07,1013.25,-0.018358845185041717,0.016042738068887914
2016-01-08,1025.75,0.012336540833950194,0.01424892384937593
2016-01-11,1051.6,0.025201072386058954,0.015015462399264818
2016-01-12,1045.45,-0.005848231266641135,0.015202844281129517
2016-01-13,1076.85,0.030034913195274626,0.01579342036416734
2016-01-14,1061.65,-0.014115243534382538,0.016363075036245848
2016-01-15,1073.3,0.010973484670088851,0.015138047261926536
2016-01-18,1016.85,-0.05259480108077885,0.019152909389524762
2016-01-19,1043.6,0.026306731572995012,0.019938969360343513
2016-01-20,1004.55,-0.037418551169030256,0.021830529479572144
2016-01-21,984.2,-0.02025782688766109,0.022003100911606836
2016-01-22,1004.15,0.020270270270270174,0.02248599248321847
2016-01-25,1003.95,-0.0001991734302643211,0.022376370458640972
2016-01-27,999.35,-0.004581901489117968,0.022365123055088733
2016-01-28,1016.9,0.01756141491969765,0.0225813258954552
2016-01-29,1035.4,0.01819254597305542,0.02282773057651233
2016-02-01,1030.3,-0.004925632605756403,0.022869705119116075
2016-02-02,1001.15,-0.028292730272736044,0.02335212660989573
2016-02-03,981.4,-0.019727313589372186,0.023665787554361894
2016-02-04,973.05,-0.0085082535153862,0.022781710384035894
2016-02-05,970.9,-0.0022095472997276655,0.022481621824475828
2016-02-08,961.05,-0.010145226078895897,0.022294111637032717
2016-02-09,957.5,-0.0036938764892564535,0.02128272751986122
2016-02-10,962.65,0.005378590078328971,0.021391931928735185
2016-02-11,924.55,-0.03957824754583705,0.02124304585768025
2016-02-12,906.55,-0.019468930831215148,0.02136578324243853
2016-02-15,946.75,0.0443439413159783,0.024032897602616003
2016-02-16,930.55,-0.0171111697913916,0.021596599825882933
2016-02-17,952.6,0.02369566385470967,0.021409539095365852
2016-02-18,940.1,-0.013121981944152816,0.02008156267386062
2016-02-19,944.35,0.004520795660036159,0.019729807252155673
2016-02-22,962.3,0.019007783131254286,0.0196570943548535
2016-02-23,949.65,-0.013145588693754484,0.019809219255110463
2016-02-24,952.65,0.0031590586005370014,0.019843855663578176
2016-02-25,944.1,-0.008974964572508237,0.019333348444319668
2016-02-26,950.35,0.006620061434170044,0.018815225663781965
2016-02-29,966.65,0.017151575735255387,0.01940321634698426
2016-03-01,981.3,0.015155433714374444,0.018847249915089653
2016-03-02,1001.5,0.02058493834709063,0.01887577870926781
2016-03-03,1012.85,0.011333000499251122,0.01886102030754515
2016-03-04,1006.4,-0.006368169027990422,0.01893468131496938
2016-03-08,1027.0,0.02046899841017491,0.01914029798723877
2016-03-09,1041.7,0.014313534566699149,0.019207610953858607
2016-03-10,1011.75,-0.02875107996544113,0.020582807124527733
2016-03-11,1014.5,0.002718062762540052,0.018025110566932314
2016-03-14,1019.75,0.005174963035978308,0.017096719263709415
2016-03-15,1020.5,0.0007354743809757647,0.014544685934791614
2016-03-16,1021.75,0.0012248897599216324,0.013707114569680818
2016-03-17,1016.0,-0.005627599706386155,0.013133027591461026
2016-03-18,1027.2,0.011023622047244164,0.012643786786743116
2016-03-21,1037.3,0.009832554517133829,0.012699552390154611
2016-03-22,1047.85,0.010170635303190956,0.012326801487263117
2016-03-23,1029.2,-0.017798349000333835,0.012712051182699961
2016-03-28,1020.4,-0.008550330353672808,0.01302384526749479
2016-03-29,1036.25,0.015533124264994091,0.012938839454665691
2016-03-30,1047.05,0.01042219541616407,0.012995611413813623
2016-03-31,1045.2,-0.0017668688219282247,0.012745891319223107
2016-04-01,1034.45,-0.01028511289705325,0.012842204038565841
2016-04-04,1035.05,0.0005800183672481918,0.012137181902773372
2016-04-05,1026.95,-0.007825708902951423,0.012094450638602669
2016-04-06,1033.75,0.006621549247772585,0.012040101920231118
2016-04-07,1037.25,0.0033857315598548876,0.011193062042128965
2016-04-08,1036.35,-0.0008676789587853673,0.010715603294074998
2016-04-11,1040.3,0.0038114536594779924,0.008365760737227482
2016-04-12,1047.4,0.006824954340094225,0.008449142229753554
2016-04-13,1066.05,0.017805995799121455,0.009169360763386036
2016-04-18,1064.75,-0.0012194549974203772,0.009196874706053125
2016-04-20,1037.3,-0.025780699694764042,0.011122923193933591
2016-04-21,1041.15,0.003711558854719188,0.011033919629240128
2016-04-22,1038.95,-0.0021130480718436484,0.010812236271064894
2016-04-25,1016.9,-0.02122335049809909,0.01162010344407365
2016-04-26,1016.95,4.9169043170538274e-05,0.01132802486673583
2016-04-27,1019.4,0.002409164659029406,0.010673946195218706
2016-04-28,996.7,-0.02226800078477531,0.01162222796156277
2016-04-29,982.7,-0.014046352964783737,0.011269592546071154
2016-05-02,986.95,0.004324819375190803,0.010977788008687163
2016-05-03,975.8,-0.011297431480824849,0.011132073558938832
2016-05-04,978.1,0.0023570403771264736,0.011077550177433596
2016-05-05,975.25,-0.002913812493610113,0.011049985633410867
2016-05-06,968.95,-0.006459882081517487,0.011022209759077549
2016-05-09,983.1,0.014603436709840434,0.011516419754782103
2016-05-10,982.55,-0.0005594547858814858,0.011444850970076963
2016-05-11,975.4,-0.007276983359625455,0.011482208523886733
2016-05-12,992.8,0.01783883534960018,0.012315944161012731
2016-05-13,978.15,-0.014756244963738951,0.012422871893834554
2016-05-16,975.95,-0.0022491437918519264,0.01139280497876718
2016-05-17,969.15,-0.006967570059941641,0.011382346072252554
2016-05-18,970.55,0.0014445648248464504,0.010295974175019443
2016-05-19,951.2,-0.019937149039204516,0.010797759319629008
2016-05-20,934.2,-0.017872161480235516,0.011186107169520496
2016-05-23,930.0,-0.004495825305073864,0.01053452350797045
2016-05-24,940.45,0.01123655913978494,0.011066968788271342
2016-05-25,951.2,0.011430698070072909,0.011510242897563697
2016-05-26,946.85,-0.004573170731707377,0.01062942073813441
2016-05-27,974.7,0.02941331784337553,0.012435405779905337
2016-05-30,968.7,-0.006155740227762441,0.0124495022048456
2016-05-31,957.85,-0.011200578094353264,0.012445246423909356
2016-06-01,953.6,-0.004437020410293924,0.012445691058676872
2016-06-02,956.25,0.0027789429530200582,0.012469372182688631
2016-06-03,959.65,0.003555555555555534,0.012435811439004055
2016-06-06,954.8,-0.005053925910488255,0.01195434716990923
2016-06-07,955.05,0.0002618349392542463,0.011958766732838326
2016-06-08,954.1,-0.0009947123187267204,0.01187714132884515
2016-06-09,971.15,0.017870244209202246,0.011879770263334812
2016-06-10,976.7,0.0057148741183135066,0.011511522629064746
2016-06-13,981.1,0.004504965700829366,0.011541455482670186
2016-06-14,976.25,-0.004943430842931473,0.011482856395572455
2016-06-15,984.6,0.008553137003841194,0.011625132321348014
2016-06-16,976.3,-0.008429819215925338,0.010801230395758322
2016-06-17,974.9,-0.0014339854552903875,0.00984389797036494
2016-06-20,990.2,0.015693917324853812,0.01015360545728717
2016-06-21,987.1,-0.0031306806705716506,0.01006214742694669
2016-06-22,980.5,-0.006686252659305003,0.010028552165568774
2016-06-23,980.45,-5.09943906169541e-05,0.009933393247384625
2016-06-24,951.45,-0.029578254882961952,0.010057382929985209
2016-06-27,955.65,0.004414314992905455,0.010058662391836521
2016-06-28,957.8,0.0022497776382566226,0.009759897944675685
2016-06-29,966.9,0.009500939653372287,0.009919484708761347
2016-06-30,969.15,0.0023270245113249377,0.009915109010857513
2016-07-01,973.45,0.004436877676314399,0.00993033418614002
2016-07-04,986.7,0.013611382197339372,0.010227690882564141
2016-07-05,993.1,0.006486267355832576,0.010276386218505369
2016-07-07,987.9,-0.005236129292115699,0.010384758498201068
2016-07-08,978.4,-0.009616357930964714,0.009955109602110393
2016-07-11,992.5,0.014411283728536395,0.010379457685920959
2016-07-12,1003.4,0.010982367758186395,0.010598121883418741
2016-07-13,1008.75,0.005331871636436114,0.010534619072371628
2016-07-14,1004.9,-0.003816604708798077,0.010473527235315803
2016-07-15,1012.2,0.007264404418350079,0.010310710489121085
2016-07-18,1006.25,-0.005878284923928168,0.0104325657408642
2016-07-19,1017.8,0.01147826086956516,0.010172939549858888
2016-07-20,1023.0,0.005109058754175777,0.010145540063437835
2016-07-21,1006.35,-0.016275659824046884,0.01077651776393889
2016-07-22,1014.85,0.008446365578576032,0.010885020988762241
2016-07-25,1022.75,0.007784401635709592,0.008058736737684742
2016-07-26,1024.05,0.001271082864825246,0.008073694212084013
2016-07-27,1013.1,-0.010692837263805433,0.008674930062088396
2016-07-28,1026.35,0.013078669430460765,0.00885441034876535
2016-07-29,1014.9,-0.011156038388463907,0.009406438849615825
2016-08-01,1009.5,-0.005320721253325389,0.009544590646531024
2016-08-02,1012.8,0.00326894502228825,0.009146445315653666
2016-08-03,993.95,-0.018611769352290586,0.010078343849138466
2016-08-04,993.0,-0.0009557824840283891,0.010004440252347091
2016-08-05,1016.25,0.023413897280966767,0.010960975757240523
2016-08-08,1029.25,0.012792127921279262,0.010869744063740932
2016-08-09,1030.7,0.00140879281029882,0.01065630302100911
2016-08-10,1003.65,-0.02624429999029787,0.0122609460773281
2016-08-11,1014.1,0.010411996213819608,0.012450278420690243
2016-08-12,1035.8,0.021398284192880368,0.013229421801047043
2016-08-16,1024.9,-0.010523267039968975,0.013400561565567579
2016-08-17,1013.3,-0.011318177383159433,0.013432230338377016
2016-08-18,1018.05,0.004687654199151181,0.013423898089459714
2016-08-19,1014.9,-0.0030941505819949144,0.012904391292972288
2016-08-22,1011.85,-0.003005222189378265,0.012786875719183608
2016-08-23,1010.45,-0.0013836042891732792,0.012654113240898488
2016-08-24,1020.5,0.009946063635014157,0.012865956939124935
2016-08-25,1012.7,-0.007643312101910826,0.012751309160936966
2016-08-26,1027.9,0.015009380863039379,0.012861904807312717
2016-08-29,1057.45,0.028747932678276023,0.014054817121031073
2016-08-30,1066.4,0.008463757151638385,0.014007126117192443
2016-08-31,1060.0,-0.006001500375093838,0.014144842144458214
2016-09-01,1029.2,-0.029056603773584877,0.015119697633430056
2016-09-02,1013.35,-0.015400310921103832,0.015598323826696217
2016-09-06,1019.9,0.0064637094784625315,0.014761923550649153
2016-09-07,1017.65,-0.00220609863712129,0.014471100452733074
2016-09-08,1033.4,0.015476833881983065,0.014902547519194943
2016-09-09,1044.55,0.010789626475711023,0.013690557860527797
2016-09-12,1046.5,0.0018668326073429942,0.013549728455966237
2016-09-14,1044.75,-0.0016722408026755842,0.012738752155120079
2016-09-15,1065.0,0.01938262742282837,0.013125152383017362
2016-09-16,1075.55,0.00990610328638497,0.012846500823623892
2016-09-19,1082.4,0.006368834549765445,0.012863174423795464
2016-09-20,1074.2,-0.007575757575757569,0.013015766876338637
2016-09-21,1072.25,-0.0018153044125861495,0.012989932227845606
2016-09-22,1088.95,0.015574726043366738,0.013240928794035694
2016-09-23,1102.8,0.012718673951972015,0.013322581973804218
2016-09-26,1107.2,0.0039898440333696605,0.013039817382125871
2016-09-27,1110.5,0.002980491329479751,0.012807414133479003
2016-09-28,1090.65,-0.017874831157136395,0.012288803441440795
2016-09-29,1072.45,-0.016687296566267884,0.012826614295234863
2016-09-30,1083.7,0.010489999533777716,0.012925742589653995
2016-10-03,1090.7,0.006459352219248871,0.010820414706939995
2016-10-04,1096.35,0.005180159530576489,0.009923716167190235
2016-10-05,1089.4,-0.006339216491083932,0.010165787016548125
2016-10-06,1110.8,0.01964384064622715,0.010697368383795543
2016-10-07,1109.0,-0.0016204537270435582,0.010449502316960086
2016-10-10,1096.35,-0.01140667267808848,0.010816668951109287
2016-10-13,1057.15,-0.03575500524467534,0.013791037868683844
2016-10-14,1077.65,0.019391760866480645,0.01439947764538511
2016-10-17,1060.65,-0.015775066116085923,0.014266227339523027
2016-10-18,1081.1,0.019280629802479465,0.014758064568227085
2016-10-19,1087.35,0.005781148829895555,0.014746054078122182
2016-10-20,1087.55,0.00018393341610334346,0.014628656028080014
2016-10-21,1064.2,-0.02147027722863304,0.015445353766987528
2016-10-24,1063.3,-0.0008457056944184416,0.014988862504679012
2016-10-25,1060.85,-0.0023041474654378336,0.014632970439794361
2016-10-26,1054.05,-0.006409954281943686,0.014599835705036278
2016-10-27,1048.7,-0.005075660547412264,0.01455595458426053
2016-10-28,1054.95,0.005959759702488743,0.014225072833101173
2016-10-30,1051.2,-0.0035546708374804004,0.013786678680861099
2016-11-01,1051.0,-0.00019025875190259445,0.013526284361736774
2016-11-02,1023.75,-0.025927687916270203,0.014438312871050855
2016-11-03,1023.95,0.00019536019536015026,0.014331159889287029
2016-11-04,1005.55,-0.017969627423214063,0.014691890597587052
2016-11-07,1001.15,-0.004375714782954621,0.01360836334042339
2016-11-08,1003.5,0.0023473006043051026,0.01369034826688515
2016-11-09,1004.6,0.001096163428002006,0.013662836437023346
2016-11-10,1010.4,0.005773442166036258,0.01163071490486235
2016-11-11,1001.75,-0.008560965954077626,0.01052739927232689
2016-11-15,985.4,-0.01632143748440229,0.01056133219449198
2016-11-16,986.55,0.0011670387659832304,0.009180602744265718
2016-11-17,977.75,-0.00891997364553232,0.008896113653190447
2016-11-18,987.5,0.009971874200971564,0.009462564285301902
2016-11-21,991.5,0.0040506329113925155,0.008788866890409853
2016-11-22,1001.45,0.010035300050428742,0.009284292373577687
2016-11-23,1009.0,0.007539068350891132,0.00957665917152218
2016-11-24,987.35,-0.021456888007928665,0.01045426089200881
2016-11-25,993.7,0.006431356661771526,0.010660832989391989
2016-11-28,986.65,-0.0070946965885076985,0.010505384429532224
2016-11-29,997.7,0.0111995135052958,0.010992432906803955
2016-11-30,990.05,-0.007667635561792174,0.011035008103585797
2016-12-01,997.75,0.00777738498055669,0.009846801766675779
2016-12-02,994.75,-0.0030067652217489194,0.009848282560049491
2016-12-05,993.85,-0.0009047499371701573,0.009043435261999784
2016-12-06,1005.2,0.011420234441817279,0.009375047407001125
2016-12-07,999.15,-0.00601870274572236,0.009462484525190079
2016-12-08,1020.05,0.020917780113096196,0.01057518978218416
2016-12-09,1028.95,0.008725062496936609,0.010668191991833591
2016-12-12,1027.2,-0.0017007629136498448,0.010453950647900527
2016-12-13,1039.8,0.012266355140186924,0.009853903238249041
2016-12-14,1059.5,0.018945951144450968,0.010486494688211745
2016-12-15,1052.95,-0.006182161396885322,0.01033082073839204
2016-12-16,1057.15,0.003988793389999579,0.010227659086696697
2016-12-19,1062.55,0.005108073594097151,0.010233586876769096
2016-12-20,1057.9,-0.004376264646369421,0.010257744788136866
2016-12-21,1063.25,0.005057188770205112,0.010212250843955864
2016-12-22,1053.35,-0.009311074535621966,0.008989875466123827
2016-12-23,1057.3,0.0037499406654959433,0.008960330460695004
2016-12-26,1047.45,-0.009316182729594114,0.009106517054127489
2016-12-27,1064.7,0.016468566518688332,0.009425811291579317
2016-12-28,1049.7,-0.014088475626937158,0.009915546762407416
2016-12-29,1065.45,0.015004286939125366,0.010226534447515648
2016-12-30,1082.4,0.0159087709418555,0.010480460274307882
2017-01-02,1085.1,0.0024944567627491754,0.010419284794612146
2017-01-03,1089.4,0.003962768408441786,0.010289460800383591
2017-01-04,1067.15,-0.02042408665320361,0.011470061887931161
2017-01-05,1077.4,0.00960502272407826,0.010819107537382482
2017-01-06,1074.95,-0.0022739929459810737,0.010781254713218679
2017-01-09,1077.7,0.0025582585236523236,0.010741217210742103
2017-01-10,1089.85,0.011274009464600443,0.010695716754828968
2017-01-11,1086.05,-0.003486718355736995,0.010025330095234363
2017-01-12,1083.3,-0.0025321117812255878,0.009914836294071515
2017-01-13,1090.4,0.006554047816855979,0.009965617661051585
2017-01-16,1076.25,-0.012976889214967091,0.01043946996058423
2017-01-17,1041.25,-0.03252032520325199,0.012790760202608978
2017-01-18,1032.55,-0.008355342136854738,0.012823783940621667
2017-01-19,1033.7,0.0011137475182800838,0.012695900246375933
2017-01-20,1025.8,-0.007642449453419853,0.012733505525112904
2017-01-23,1015.9,-0.009651004094365367,0.012744629599869751
2017-01-24,1027.3,0.011221576926862875,0.01240585486921668
2017-01-25,1017.3,-0.009734254842791779,0.012213963577498854
2017-01-27,1025.1,0.007667354762606937,0.011795333149446493
2017-01-30,1044.8,0.019217637303677648,0.012077535121774133
2017-01-31,1045.2,0.00038284839203694965,0.012048164796982857
2017-02-01,1049.65,0.004257558362036118,0.012055766406578704
2017-02-02,1043.5,-0.005859095889105936,0.011286065079226859
2017-02-03,1033.65,-0.009439386679444106,0.011141446626432332
2017-02-06,1041.65,0.0077395636820973834,0.011352023061863975
2017-02-07,1030.9,-0.010320165122642,0.011473680597688817
2017-02-08,1025.15,-0.005577650596566119,0.011046449221057955
2017-02-09,1032.75,0.007413549236696904,0.011287293370600448
2017-02-10,1030.15,-0.0025175502299684682,0.011287288403404752
2017-02-13,1029.85,-0.0002912197252828985,0.011102112948639279
2017-02-14,1049.8,0.019371753167937156,0.011870266852990313
2017-02-15,1051.3,0.0014288435892551021,0.009301562811127217
2017-02-16,1067.5,0.015409493008655906,0.009620391564407077
2017-02-17,1075.5,0.007494145199063329,0.009705011551877495
2017-02-20,1075.4,-9.298000929791606e-05,0.00945259712842367
2017-02-21,1088.2,0.011902547889157455,0.009231705550653007
2017-02-22,1207.5,0.10963058261349001,0.02548717644073983
2017-02-23,1182.75,-0.02049689440993785,0.02599879008381561
2017-02-27,1238.9,0.047474106954132456,0.027465130726895434
2017-02-28,1238.05,-0.0006860925014126051,0.027468678381816998
2017-03-01,1234.5,-0.0028674124631477005,0.02753102291231786
2017-03-02,1236.75,0.0018226002430132837,0.02755706778490589
2017-03-03,1258.55,0.01762684455225383,0.027409535441389733
2017-03-06,1305.35,0.03718565015295372,0.027672941944321808
2017-03-07,1304.95,-0.0003064312253417967,0.027797604962562804
2017-03-08,1291.2,-0.010536802176328575,0.027806669740391768
2017-03-09,1286.75,-0.0034464064436183772,0.027741102598689473
2017-03-10,1281.65,-0.003963473868272671,0.027951116181257552
2017-03-14,1289.5,0.00612491709905183,0.027794131875985274
2017-03-15,1304.95,0.011981388134935989,0.02765198496826394
2017-03-16,1297.65,-0.005594084064523552,0.02787630691168628
2017-03-17,1300.7,0.002350402650945993,0.027860402900095487
2017-03-20,1280.8,-0.015299454140078494,0.028447562738746816
2017-03-21,1263.8,-0.01327295440349785,0.02890061247805706
2017-03-22,1259.7,-0.0032441842063617443,0.02895832439603493
2017-03-23,1273.3,0.010796221322536992,0.028952175296320395
2017-03-24,1286.75,0.01056310374617131,0.016488767385700424
2017-03-27,1251.1,-0.0277054594909657,0.017103877438794938
2017-03-28,1245.75,-0.0042762369115177945,0.01356124542902337
2017-03-29,1256.65,0.00874974914710025,0.013686398944469755
2017-03-30,1270.65,0.011140731309433827,0.013844509611978377
2017-03-31,1320.9,0.03954668870263256,0.016247110730522638
2017-04-03,1374.65,0.04069195245665824,0.018029392622007097
2017-04-05,1415.0,0.029352926199396112,0.017356225961643074
2017-04-06,1438.5,0.01660777385159018,0.01753712008374356
2017-04-07,1406.6,-0.022175877650330245,0.018259076240024374
2017-04-10,1381.35,-0.017951087729276227,0.018867006582877564
2017-04-11,1372.35,-0.00651536540340969,0.01893023482131621
2017-04-12,1354.0,-0.013371224541844251,0.019291548585880645
2017-04-13,1364.8,0.007976366322008932,0.019209860603079023
2017-04-17,1391.85,0.01981975381008194,0.019490436452426232
2017-04-18,1370.2,-0.015554837087329743,0.019960718714409638
2017-04-19,1368.8,-0.001021748649832177,0.019530235360533537
2017-04-20,1369.55,0.0005479251899473958,0.019145959687182128
2017-04-21,1402.5,0.024058997480924438,0.01955631641475397
2017-04-24,1417.4,0.010623885918003673,0.019553927522022452
2017-04-25,1432.8,0.010864964018625578,0.01955811228374466
2017-04-26,1416.45,-0.011411222780569497,0.018404361450388672
2017-04-27,1409.5,-0.004906632779130948,0.01842411074087028
2017-04-28,1395.2,-0.010145441645973752,0.018775877516499447
2017-05-02,1370.55,-0.017667717889908285,0.019407431481904807
2017-05-03,1370.1,-0.0003283353398271238,0.017516119273140392
2017-05-04,1357.95,-0.008867965841909298,0.01508782703039076
2017-05-05,1328.25,-0.021871202916160404,0.014066030831522474
2017-05-08,1321.4,-0.00515716167890079,0.013284158922872751
2017-05-09,1330.35,0.006773119418798101,0.012784745964773669
2017-05-10,1359.1,0.02161085428646592,0.013349797133424457
2017-05-11,1359.55,0.0003311014642042309,0.013281164606856084
2017-05-12,1350.45,-0.006693391195616183,0.013018850927483306
2017-05-15,1344.1,-0.004702136324928774,0.012915673889872463
2017-05-16,1356.3,0.009076705602261814,0.012222835268117203
2017-05-17,1353.1,-0.002359360023593604,0.011755657078560897
2017-05-18,1327.35,-0.01903037469514446,0.01246122275688381
2017-05-19,1318.85,-0.006403736768749724,0.012499083659192927
2017-05-22,1324.15,0.004018652614020013,0.011033422954619475
2017-05-23,1305.55,-0.014046746969754276,0.010829402493318123
2017-05-24,1297.7,-0.00601279154379375,0.01024833336812048
2017-05-25,1302.45,0.0036603221083455484,0.010297554950062158
2017-05-26,1337.3,0.02675726515413257,0.012393610513229836
2017-05-29,1356.9,0.01465639721827583,0.012827165990793801
2017-05-30,1359.35,0.0018055862628048036,0.012246307832101426
2017-05-31,1340.7,-0.013719792547908782,0.012606480601297715
2017-06-01,1328.25,-0.009286193779369012,0.012620542528122442
2017-06-02,1324.75,-0.0026350461133070047,0.011643812542880034
2017-06-05,1329.35,0.0034723532742026997,0.011605119842094488
2017-06-06,1312.8,-0.012449693459209321,0.011839989245786846
2017-06-07,1339.0,0.019957343083485624,0.011681464008755705
2017-06-08,1331.7,-0.005451829723674306,0.011726598868069376
2017-06-09,1335.7,0.0030036795073966616,0.011677841004575312
2017-06-12,1319.45,-0.012165905517706022,0.011936122257069757
2017-06-13,1314.35,-0.003865246883171136,0.011718021595196356
2017-06-14,1357.5,0.03282991592802542,0.014002168364144552
2017-06-15,1383.95,0.01948434622467765,0.013858018874429653
2017-06-16,1388.8,0.0035044618663968574,0.013711319375074854
2017-06-19,1409.25,0.01472494239631339,0.013973003097418606
2017-06-20,1412.35,0.00219975164094377,0.01337641558313876
2017-06-21,1422.0,0.006832583991220442,0.013176045205275861
2017-06-22,1432.65,0.007489451476793363,0.01318848057733407
2017-06-23,1435.85,0.0022336230063169094,0.01214384214213334
2017-06-27,1437.15,0.0009053870529651675,0.011873014973031334
2017-06-28,1398.5,-0.02689350450544492,0.01362306576492325
2017-06-29,1392.7,-0.004147300679299248,0.013222141424471819
2017-06-30,1380.0,-0.009118977525669592,0.013214688481750428
2017-07-03,1381.05,0.0007608695652172592,0.013173812681515478
2017-07-04,1421.95,0.029615147894717753,0.014536795945727998
2017-07-05,1442.65,0.014557473891487094,0.014231070375210014
2017-07-06,1442.55,-6.931688212674647e-05,0.01380840590704775
2017-07-07,1491.15,0.0336903400228763,0.015135038884092332
2017-07-10,1492.85,0.0011400596854775902,0.015158740409558436
2017-07-11,1494.35,0.0010047894966005444,0.014618888854971297
2017-07-12,1511.1,0.011208886806972851,0.014452472115142865
2017-07-13,1522.1,0.007279465290185971,0.013126604462868749
2017-07-14,1533.75,0.007653899218185378,0.012739290526684283
2017-07-17,1551.75,0.01173594132029332,0.01281340968559834
2017-07-18,1519.9,-0.020525213468664316,0.013878138459078747
2017-07-19,1532.95,0.00858609119020981,0.013910931701762585
2017-07-20,1528.9,-0.002641964839035782,0.013977619124696156
2017-07-21,1585.0,0.03669304728890044,0.01579853960361018
2017-07-24,1615.25,0.019085173501577346,0.016079803202403955
2017-07-25,1602.15,-0.008110199659495332,0.01635492689094617
2017-07-26,1622.75,0.012857722435477337,0.014513145736671085
2017-07-27,1594.8,-0.01722384840548452,0.015339488386030848
2017-07-28,1594.45,-0.00021946325558053204,0.014974816715796922
2017-07-31,1615.2,0.013013891937658784,0.014941494859693646
2017-08-01,1603.6,-0.007181773155027327,0.01439084090289048
2017-08-02,1629.2,0.015964080818159143,0.014437573022376178
2017-08-03,1650.1,0.012828382027989083,0.014430989449864743
2017-08-04,1622.15,-0.016938367371674312,0.013904413121969786
2017-08-07,1616.35,-0.0035755016490461866,0.014000652557513612
2017-08-08,1602.55,-0.008537754817954046,0.014270773997190197
2017-08-09,1598.8,-0.002340020592181191,0.014211912158675488
2017-08-10,1584.35,-0.009038028521391017,0.014415402635291577
2017-08-11,1546.25,-0.024047716729257984,0.015476898629314112
2017-08-14,1573.05,0.0173322554567501,0.01573873996206086
2017-08-16,1566.1,-0.004418168526111765,0.014984157287686735
2017-08-17,1567.1,0.0006385288295767122,0.014894373719189512
2017-08-18,1575.4,0.005296407376683243,0.0148921784801596
2017-08-21,1564.4,-0.006982353687952303,0.012483386656659885
2017-08-22,1560.05,-0.0027806187675787353,0.011596480941200644
2017-08-23,1582.05,0.014102112111791243,0.012004038734765571
2017-08-24,1568.05,-0.008849277835719427,0.011704362856407448
2017-08-28,1566.55,-0.0009566021491661525,0.011115388578391136
2017-08-29,1532.15,-0.021959082059302193,0.012073730885515296
2017-08-30,1564.1,0.020853049636132104,0.01269534896953331
2017-08-31,1594.5,0.01943609743622532,0.013444720256544612
2017-09-01,1610.1,0.009783631232361145,0.01312079904938777
2017-09-04,1613.35,0.0020185081671946214,0.012760219869966052
2017-09-05,1632.6,0.011931694920507052,0.012498303192358992
2017-09-06,1645.4,0.007840254808281433,0.012567893217547097
2017-09-07,818.1,-0.5027956727847331,0.11343261114124639
2017-09-08,816.9,-0.0014668133480014722,0.11344145198132233
2017-09-11,817.9,0.001224140041620858,0.11353444519835472
2017-09-12,823.75,0.007152463626360239,0.11373621151233512
2017-09-13,849.0,0.030652503793626718,0.11401503156617276
2017-09-14,843.85,-0.006065959952885724,0.11400304069518546
2017-09-15,841.8,-0.002429341707649524,0.11397438791401948
2017-09-18,845.55,0.004454739843193112,0.11396424462180661
2017-09-19,838.6,-0.008219502099225284,0.1139564330032555
2017-09-20,847.15,0.010195564035296867,0.1141042882727732
2017-09-21,841.35,-0.006846485274154435,0.11386433865876484
2017-09-22,817.4,-0.0284661555832888,0.1138322803719354
2017-09-25,821.55,0.005077073648152686,0.11390086638283856
2017-09-26,820.1,-0.0017649564846934362,0.11399427773176957
2017-09-27,799.15,-0.025545665162785114,0.11356103316405466
2017-09-28,786.45,-0.01589188512794837,0.11312882366114874
2017-09-29,780.9,-0.007057028418844258,0.11291518096862876
2017-10-03,798.35,0.022346011012933875,0.11327441412530578
2017-10-04,818.85,0.025677960794137977,0.11355347075187504
2017-10-05,824.15,0.006472491909385036,0.11353331750810422
2017-10-06,837.05,0.01565249044470063,0.015361304462193724
2017-10-09,830.65,-0.007645899289170255,0.015480657572097491
2017-10-10,843.2,0.015108649852525247,0.015801658390153406
2017-10-11,840.15,-0.0036171726755218625,0.015787517667399897
2017-10-12,872.75,0.03880259477474257,0.01667082431241359
2017-10-13,876.45,0.004239472930392507,0.01658331020081804
2017-10-16,876.8,0.00039933823948867797,0.016555340624122353
2017-10-17,874.35,-0.0027942518248174064,0.016581985416020534
2017-10-18,914.5,0.04591982615657342,0.019088759251382308
2017-10-19,909.9,-0.005030071077091303,0.019153705899767375
2017-10-23,939.75,0.032805802835476516,0.020031054092398255
2017-10-24,934.25,-0.0058526203777600205,0.01858498326399726
2017-10-25,939.9,0.006047631790206065,0.018581335509029535
2017-10-26,947.4,0.007979572294924964,0.01846921338336017
2017-10-27,929.85,-0.01852438252058264,0.017866912585606073
2017-10-30,942.5,0.01360434478679351,0.017009323030178405
2017-10-31,940.85,-0.0017506631299734066,0.016781817759958424
2017-11-01,952.55,0.012435563586118858,0.016526673774826174
2017-11-02,946.6,-0.006246391265550266,0.01637168050978977
2017-11-03,945.3,-0.0013733361504332242,0.016488664050177033
2017-11-06,932.5,-0.01354067491801536,0.016968321939684446
2017-11-07,906.7,-0.0276675603217158,0.018324158409564296
2017-11-08,887.8,-0.02084482188154857,0.01898518093516903
2017-11-09,900.5,0.014305023653976123,0.01909151949020296
2017-11-10,883.85,-0.018489727928928334,0.017792795552135317
2017-11-13,875.25,-0.009730157832211428,0.017923604946007244
2017-11-14,886.7,0.013081976578120491,0.01815821853979664
2017-11-15,883.7,-0.00338333145370473,0.01816469000774381
2017-11-16,903.85,0.02280185583342753,0.015703692885521505
2017-11-17,911.9,0.008906345079382483,0.015799541601290525
2017-11-20,920.85,0.009814672661476065,0.014043272337899837
2017-11-21,932.55,0.012705652386381994,0.014310859259614167
2017-11-22,930.75,-0.0019301914106482077,0.01424464377425512
2017-11-23,947.0,0.017459038409884498,0.01468865815974373
2017-11-24,951.1,0.004329461457233341,0.014039644814413126
2017-11-27,951.35,0.0002628535380087005,0.01373409404044028
2017-11-28,943.35,-0.008409102853839334,0.013872984184350875
2017-11-29,946.0,0.0028091376477448193,0.013591150838526734
2017-11-30,921.55,-0.02584566596194504,0.014706550803713038
2017-12-01,910.1,-0.012424719223047997,0.014918041908686588
2017-12-04,901.6,-0.009339633007361847,0.014772740624392123
2017-12-05,913.7,0.013420585625554704,0.01377725584613588
2017-12-06,926.65,0.01417314216920218,0.013135401782153945
2017-12-07,931.55,0.0052878648896561575,0.012850642120363494
2017-12-08,921.0,-0.011325210670388053,0.012345957831680231
2017-12-11,916.15,-0.005266015200868668,0.01215912752828385
2017-12-12,915.6,-0.0006003383725371458,0.011906186505148918
2017-12-13,914.65,-0.0010375709916994325,0.011865245650103301
2017-12-14,921.5,0.007489203520472332,0.010892160385777417
2017-12-15,919.75,-0.0018990775908844792,0.010747627964543188
2017-12-18,921.0,0.0013590649633052898,0.010525265472175456
2017-12-19,925.95,0.005374592833876202,0.010183841045196644
2017-12-20,918.15,-0.008423780981694495,0.010340667298508728
2017-12-21,912.95,-0.00566356259870382,0.009467492985502843
2017-12-22,920.4,0.008160359274878015,0.009635012387048109
2017-12-26,929.8,0.010212950890917005,0.00998646335502649
2017-12-27,923.75,-0.0065067756506774765,0.009922008809953873
2017-12-28,924.2,0.00048714479025724344,0.009888592183456156
2017-12-29,921.05,-0.0034083531703095193,0.008034577091533626
2018-01-01,909.75,-0.01226860648173278,0.008021933418498505
2018-01-02,911.15,0.001538884308875943,0.007717558161516405
2018-01-03,914.8,0.004005926576304608,0.007158401115620316
2018-01-04,920.3,0.006012243113248772,0.006516899416769468
2018-01-05,923.25,0.0032054764750624187,0.006438693901979864
2018-01-08,928.55,0.005740590305984172,0.006036763882236318
2018-01-09,940.95,0.013354154326638445,0.0065285795990591335
2018-01-10,942.35,0.001487858015835064,0.006512312884332264
2018-01-11,937.75,-0.004881413487557773,0.006645295273047684
2018-01-12,949.0,0.011996800853105949,0.006937386510409449
2018-01-15,949.15,0.0001580611169651469,0.006899574912713147
2018-01-16,922.95,-0.02760364536690718,0.009501142235147305
2018-01-17,924.5,0.0016793975838342856,0.009429836578394513
2018-01-18,919.7,-0.0051919956733368355,0.00930540460056397
2018-01-19,931.3,0.012612808524518737,0.009599695277319738
2018-01-22,971.5,0.043165467625899234,0.013403740516635863
2018-01-23,983.25,0.012094698919197011,0.01346505355875804
2018-01-24,966.35,-0.017187897279430486,0.014055967809706053
2018-01-25,965.9,-0.0004656697883790306,0.014064225867432688
2018-01-29,964.5,-0.0014494254063567302,0.014029140326033638
2018-01-30,950.4,-0.014618973561430826,0.014167644558064544
2018-01-31,961.3,0.0114688552188551,0.014313452472935438
2018-02-01,943.85,-0.01815250182045136,0.015052021173531495
2018-02-02,904.35,-0.04184987021242781,0.017867064005791654
2018-02-05,902.15,-0.002432686459888367,0.01784630441702045
2018-02-06,892.1,-0.011140054314692671,0.01790961388966943
2018-02-07,894.4,0.002578186301984031,0.017587398232691842
2018-02-08,904.55,0.011348389982110962,0.017838149501163813
2018-02-09,897.85,-0.007406997954784056,0.017869326421154748
2018-02-12,915.5,0.019658072061034648,0.018263387011792663
2018-02-14,933.65,0.01982523211359921,0.018884039182790396
2018-02-15,935.65,0.0021421303486317544,0.017789400008017438
2018-02-16,921.3,-0.015336931544915333,0.018150096469645823
2018-02-19,927.0,0.006186909801367602,0.01815768218587378
2018-02-20,921.1,-0.006364617044228638,0.017989318309172594
2018-02-21,929.35,0.008956682227771129,0.015008759816068811
2018-02-22,924.35,-0.005380104374024808,0.014642655375079963
2018-02-23,934.25,0.01071022880943362,0.014546552972213304
2018-02-26,938.7,0.004763179020604857,0.014614580679562639
2018-02-27,950.5,0.012570576328965632,0.014940881644303225
2018-02-28,954.55,0.004260915307732649,0.014602701216277707
2018-03-01,948.4,-0.006442826462731088,0.014431227516263651
2018-03-05,924.1,-0.025622100379586676,0.01499568464160149
2018-03-06,910.85,-0.014338275078454754,0.012011126074357868
2018-03-07,889.75,-0.02316517538562879,0.01311485394811788
2018-03-08,911.45,0.02438887327901096,0.013990452992976677
2018-03-09,913.1,0.0018103022656206225,0.013987428651099379
2018-03-12,930.3,0.018836929142481473,0.014370396456084164
2018-03-13,931.85,0.0016661292056325827,0.014216718117270951
2018-03-14,929.05,-0.0030047754466920873,0.013622284380127577
2018-03-15,911.8,-0.018567353748452753,0.013508243223314023
2018-03-16,900.05,-0.012886597938144284,0.01373471525616964
2018-03-19,895.5,-0.005055274706960655,0.013391382441574173
2018-03-20,889.8,-0.006365159128978282,0.013314275394549902
2018-03-21,896.9,0.00797932119577438,0.013450242577977053
2018-03-22,908.15,0.012543204370609962,0.013616288674641234
2018-03-23,893.9,-0.015691240433849063,0.013978660266898101
2018-03-26,901.1,0.008054592236268032,0.013867942046501111
2018-03-27,899.8,-0.0014426811674620454,0.013784583506105749
2018-03-28,882.7,-0.01900422316070227,0.013833193596706676
2018-04-02,892.95,0.011612099240965179,0.014147220335752596
2018-04-03,899.55,0.007391231311943525,0.014319259436797866
2018-04-04,894.9,-0.005169251292312826,0.013276650163718854
2018-04-05,908.2,0.014861995753715496,0.0133978976351107
2018-04-06,911.0,0.0030830213609336354,0.012252108601285542
2018-04-09,916.0,0.005488474204171201,0.011042842053464343
2018-04-10,917.05,0.0011462882096069382,0.01103908210895057
2018-04-11,930.85,0.01504825254893416,0.01073200476605072
2018-04-12,928.7,-0.0023097169253907257,0.010737985162228866
2018-04-13,938.85,0.010929255949176264,0.010989665237895485
2018-04-16,937.05,-0.001917239175587282,0.010053433151093681
2018-04-17,944.25,0.007683688170321723,0.009553093358805448
2018-04-18,938.0,-0.006619009796134501,0.009623832627517245
2018-04-19,942.3,0.004584221748400896,0.009410119343043642
2018-04-20,927.9,-0.015281757402101248,0.010158652845588157
2018-04-23,936.0,0.008729388942773975,0.009979595818113274
2018-04-24,970.05,0.03637820512820511,0.0118577374301441
2018-04-25,970.5,0.00046389361373133653,0.011848075065606763
2018-04-26,975.35,0.004997424008243101,0.011785934066018243
2018-04-27,996.3,0.021479468908596866,0.011062409832979674
2018-04-30,963.3,-0.03312255344775672,0.014022015838231674
2018-05-02,972.7,0.009758123118447148,0.014063029277731558
2018-05-03,961.6,-0.011411534902847742,0.014343954228398736
2018-05-04,953.95,-0.007955490848585711,0.014316701995953472
2018-05-07,971.0,0.01787305414329876,0.014721520914441195
2018-05-08,967.1,-0.004016477857878398,0.014800266519203109
2018-05-09,976.7,0.009926584634474267,0.014877967697436595
2018-05-10,981.15,0.004556158492884155,0.014623262138113277
2018-05-11,989.25,0.008255618406971532,0.014622217630413574
2018-05-14,986.6,-0.0026787970684861717,0.014563278353533821
2018-05-15,978.95,-0.00775390229069528,0.014715909618837768
2018-05-16,956.15,-0.023290259972419514,0.01571461589919849
2018-05-17,945.35,-0.011295298854782199,0.015864007176442256
2018-05-18,933.85,-0.012164806685354579,0.016078239804963777
2018-05-21,931.35,-0.0026770894683300073,0.01570389947169589
2018-05-22,926.75,-0.00493906694583135,0.015615038771331044
2018-05-23,912.25,-0.015646074993255987,0.01333620569892289
2018-05-24,915.85,0.003946286653877751,0.013406114560402077
2018-05-25,920.8,0.005404815198995383,0.0134189017906616
2018-05-28,920.4,-0.0004344048653344146,0.012169654317611613
2018-05-29,917.45,-0.0032051282051280827,0.010038557130755774
2018-05-30,916.1,-0.0014714698348684552,0.009629177999449812
2018-05-31,921.35,0.005730815413164558,0.009599142906275174
2018-06-01,930.55,0.009985347587778692,0.009857154427307878
2018-06-04,940.85,0.011068722798345032,0.009263975653919832
2018-06-05,947.65,0.007227507041504877,0.009444865837747346
2018-06-06,954.4,0.007122882920909568,0.009294183860710691
2018-06-07,971.35,0.017759849119865834,0.010147804981612822
2018-06-08,984.35,0.01338343542492404,0.010439979618925992
2018-06-11,982.65,-0.0017270279880123862,0.010430232924475414
2018-06-12,997.15,0.014756016893095136,0.010775176229482462
2018-06-13,1002.5,0.005365291079576728,0.009163136602208787
2018-06-14,1007.95,0.005436408977556262,0.008592042008519542
2018-06-15,1014.2,0.006200704400019852,0.007803538348973386
2018-06-18,1015.55,0.0013310984026817518,0.007668896227010794
2018-06-19,996.05,-0.019201417950864053,0.0091077219578684
2018-06-20,1019.25,0.023292003413483364,0.008925396698684003
2018-06-21,1031.95,0.012460142261466745,0.009044678512954363
2018-06-22,1012.5,-0.018847812394011343,0.010620599907785227
2018-06-25,1004.45,-0.007950617283950523,0.010944057221926104
2018-06-26,978.95,-0.025387027726616607,0.012736380725610523
2018-06-27,965.85,-0.013381684457837495,0.013240982071200717
2018-06-28,944.95,-0.021638970854687578,0.014287651162047702
2018-06-29,972.45,0.029102068892534083,0.015484204165595566
2018-07-02,960.6,-0.012185716489279685,0.01566461332475327
2018-07-03,971.3,0.011138871538621586,0.01576847756656521
2018-07-04,990.1,0.019355502934211843,0.01623447932303986
2018-07-05,964.5,-0.02585597414402585,0.01691597005380705
2018-07-06,977.55,0.013530326594090258,0.01692221693864922
2018-07-09,997.1,0.019998977034422882,0.017506967766085527
2018-07-10,1025.7,0.028683181225554133,0.01834504546563725
2018-07-11,1038.8,0.012771765623476483,0.018499746943696004
2018-07-12,1082.35,0.041923373122833896,0.020548099302068676
2018-07-13,1099.8,0.016122326419365285,0.020728919227774114
2018-07-16,1076.2,-0.021458446990361812,0.021510221954901876
2018-07-17,1092.35,0.015006504367217843,0.020995482067300442
2018-07-18,1092.55,0.00018309149997719487,0.020557524244056838
2018-07-19,1104.85,0.011258065992403088,0.020532239827092697
2018-07-20,1128.65,0.02154138570846742,0.02018965826098282
2018-07-23,1120.3,-0.007398219111327764,0.020170459262841937
2018-07-24,1110.95,-0.00834597875569032,0.01912238192918456
2018-07-25,1115.15,0.003780548179486143,0.018559193779895507
2018-07-26,1110.65,-0.004035331569744005,0.01749781675266102
2018-07-27,1129.85,0.017287174177283315,0.0169477801954974
2018-07-30,1151.4,0.019073328317918525,0.016454972007396967
2018-07-31,1186.0,0.03005037345839834,0.017101235165836427
2018-08-01,1192.35,0.005354131534569984,0.016991810129719002
2018-08-02,1168.35,-0.020128318027424874,0.016403089981709383
2018-08-03,1176.95,0.007360807977061734,0.016386455246741143
2018-08-06,1192.6,0.013297081439313407,0.01622716209872278
2018-08-07,1184.2,-0.007043434512828961,0.015923423078564775
2018-08-08,1217.7,0.028289140347914188,0.016567542139329105
2018-08-09,1217.95,0.00020530508335392383,0.014594450993077117
2018-08-10,1204.2,-0.011289461800566558,0.014880136680342401
2018-08-13,1187.7,-0.013702042850024965,0.014251682764587383
2018-08-14,1210.6,0.019280963206196766,0.014439862437157907
2018-08-16,1200.8,-0.008095159425078435,0.014708915250998452
2018-08-17,1203.75,0.002456695536309228,0.014638188053711126
2018-08-20,1234.9,0.025877466251298165,0.014934585907187992
2018-08-21,1247.2,0.009960320673738643,0.014702358597862147
2018-08-23,1269.45,0.01783996151379097,0.014571539304200319
2018-08-24,1277.5,0.006341328921974032,0.014554935888335953
2018-08-27,1291.5,0.010958904109588996,0.014345655146864486
2018-08-28,1319.0,0.02129307007355785,0.014513994041797353
2018-08-29,1294.2,-0.018802122820318345,0.015417950093374932
2018-08-30,1274.45,-0.015260392520475952,0.015017951070978626
2018-08-31,1241.65,-0.02573659225548275,0.01638562802724414
2018-09-03,1229.15,-0.010067249224821828,0.015809823107640827
2018-09-04,1241.95,0.010413700524752878,0.01587223114042184
2018-09-05,1227.0,-0.012037521639357451,0.01600172509257074
2018-09-06,1261.4,0.028035859820700892,0.016907777054422212
2018-09-07,1278.6,0.013635642936419723,0.016064282503623913
2018-09-10,1255.85,-0.01779289848271548,0.016695188393146664
2018-09-11,1237.7,-0.014452362941433927,0.01683872638169873
2018-09-12,1252.5,0.011957663407934138,0.016594660434790954
2018-09-14,1253.15,0.0005189620758483393,0.01613738893279436
2018-09-17,1225.9,-0.021745202090731386,0.016853024240451788
2018-09-18,1217.15,-0.007137613182151892,0.01695073020559725
2018-09-19,1210.75,-0.005258185104547564,0.01591378370881407
2018-09-21,1217.5,0.0055750567829857545,0.015786456112156642
2018-09-24,1232.05,0.01195071868583164,0.015466537047668578
2018-09-25,1230.6,-0.0011769002881376611,0.015359980118917585
2018-09-26,1251.4,0.016902324069559604,0.015673231100398904
2018-09-27,1253.75,0.0018778967556336568,0.014764780606909077
2018-09-28,1257.95,0.003349950149551306,0.014295380454476682
2018-10-01,1231.7,-0.020867284073293857,0.014634069156557463
2018-10-03,1205.1,-0.021596167898027208,0.014300166511920289
2018-10-04,1122.25,-0.06874948137084047,0.020742225752122697
2018-10-05,1048.85,-0.06540432167520616,0.024494755204968695
2018-10-08,1109.4,0.0577298946465179,0.028541245662020397
2018-10-09,1090.05,-0.01744186046511642,0.027597591770975993
2018-10-10,1102.1,0.011054538782624634,0.027502346347437114
2018-10-11,1087.8,-0.012975229108066366,0.027424151882327448
2018-10-12,1126.55,0.03562235705092842,0.02893255227090242
2018-10-15,1139.75,0.011717189649815829,0.028925493572961265
2018-10-16,1163.8,0.021101118666374097,0.02946712922033601
2018-10-17,1151.3,-0.010740677092283879,0.029205644446263144
2018-10-19,1101.3,-0.043429167028576354,0.03058899771143492
2018-10-22,1062.65,-0.03509488785980197,0.03134422418952821
2018-10-23,1054.7,-0.007481296758104827,0.031225545824933733
2018-10-24,1045.75,-0.008485825353180987,0.0309165510348626
2018-10-25,1030.8,-0.014295959837437255,0.030909940980070404
2018-10-26,1044.9,0.013678696158323733,0.030779403466979348
2018-10-29,1087.8,0.041056560436405265,0.03266508851120205
2018-10-30,1057.0,-0.028314028314028294,0.03292566445287274
2018-10-31,1061.25,0.004020813623462738,0.03288985386165643
2018-11-01,1056.25,-0.004711425206124886,0.03270901361644176
2018-11-02,1074.9,0.017656804733727993,0.029546068140445695
2018-11-05,1090.3,0.014326914131546964,0.025621818854211373
2018-11-06,1104.1,0.012657066862331368,0.02224476297451361
2018-11-07,1110.7,0.005977719409473892,0.021892121006313325
2018-11-09,1093.45,-0.015530746376159144,0.022066585996424606
2018-11-12,1080.0,-0.012300516713155685,0.02204647291187602
2018-11-13,1099.45,0.018009259259259336,0.020863260468888183
2018-11-14,1097.95,-0.0013643185228978671,0.02064722237283828
2018-11-15,1096.85,-0.0010018671159890413,0.01994419099007761
2018-11-16,1127.4,0.027852486666362974,0.02097272652264157
2018-11-19,1150.0,0.020046123824729367,0.018887506959649206
2018-11-20,1137.4,-0.01095652173913031,0.01705185848148329
2018-11-21,1112.9,-0.021540355196061234,0.017803429895465156
2018-11-22,1102.85,-0.009030460957857978,0.017822070668774195
2018-11-26,1109.75,0.006256517205422307,0.017370525195945587
2018-11-27,1128.2,0.016625366073439896,0.01747058066946529
2018-11-28,1152.65,0.021671689416770112,0.015759710331378577
2018-11-29,1168.5,0.013750921788921122,0.014075113177894713
2018-11-30,1167.55,-0.0008130081300813385,0.014136364026809938
2018-12-03,1156.45,-0.00950708749089968,0.014346708956740242
2018-12-04,1152.3,-0.003588568463833375,0.014116819323446493
2018-12-05,1155.15,0.002473314241083102,0.01388873070824558
2018-12-06,1123.65,-0.027269185820023356,0.015229904316927055
2018-12-07,1133.8,0.009033061896497996,0.01529776120045796
2018-12-10,1090.25,-0.03841065443640845,0.017330549957257104
2018-12-11,1097.55,0.006695711992662279,0.017140625013121445
2018-12-12,1110.5,0.01179900687895774,0.016869361493744836
2018-12-13,1107.05,-0.0031067086897794693,0.01688472832778905
2018-12-14,1112.2,0.004652003071225375,0.01690471472639251
2018-12-17,1129.9,0.01591440388419363,0.016091607746879635
2018-12-18,1136.4,0.005752721479777012,0.015470855759004682
2018-12-19,1136.8,0.00035198873636033134,0.015273193418692682
2018-12-20,1128.45,-0.0073451794510907,0.014526925234521528
2018-12-21,1100.2,-0.025034339137755324,0.015504528739876806
2018-12-24,1089.15,-0.010043628431194329,0.015586268859914923
2018-12-26,1098.35,0.008446954046733568,0.015207159978059236
2018-12-27,1120.2,0.019893476578504155,0.015070809226434185
2018-12-28,1125.55,0.0047759328691303615,0.014728235124469647
2018-12-31,1121.25,-0.003820354493358713,0.014733339060432482
2019-01-01,1121.0,-0.00022296544035671495,0.014627483563347815
2019-01-02,1106.4,-0.013024085637823313,0.014850459411899643
2019-01-03,1092.75,-0.01233731019522788,0.01498825338247402
2019-01-04,1098.65,0.0053992221459620016,0.013906849408325922
2019-01-07,1104.75,0.005552268693396423,0.013795600554322522
2019-01-08,1104.65,-9.051821679106897e-05,0.010661433715116561
2019-01-09,1110.75,0.0055221110759062775,0.01062994037648237
2019-01-10,1107.5,-0.002925950934053567,0.010322725069422296
2019-01-11,1098.05,-0.008532731376975189,0.010476493007548769
2019-01-14,1096.8,-0.001138381676608513,0.010410619919018977
2019-01-15,1129.65,0.029950765864332762,0.011945675563347727
2019-01-16,1135.9,0.005532687115478163,0.011940253444313667
2019-01-17,1134.45,-0.0012765208204947864,0.01194360562094231
2019-01-18,1184.35,0.0439860725461676,0.015326466665477245
2019-01-21,1237.7,0.04504580571621575,0.016646892555173647
2019-01-22,1235.15,-0.002060273087177822,0.016333839216858517
2019-01-23,1226.3,-0.007165121645144379,0.016603397120213973
2019-01-24,1247.45,0.01724700318029848,0.01649411978305708
2019-01-25,1246.0,-0.0011623712373242112,0.016561546333370876
2019-01-28,1229.55,-0.013202247191011263,0.0169592951621857
2019-01-29,1210.65,-0.015371477369769293,0.017522246591796437
2019-01-30,1195.7,-0.012348738281088734,0.017488335633820525
2019-01-31,1227.15,0.026302584260265993,0.017717711927641502
2019-02-01,1249.95,0.018579635741351908,0.017939370066010023
2019-02-04,1290.9,0.032761310452418035,0.018861948711283806
2019-02-05,1291.55,0.000503524672708755,0.018849029938111515
2019-02-06,1310.25,0.014478727110835754,0.01889309779526128
2019-02-07,1290.4,-0.015149780576225846,0.019469746790066713
2019-02-08,1277.7,-0.009841909485430955,0.01952983046446151
2019-02-11,1253.25,-0.01913594740549429,0.02035957639669635
2019-02-12,1256.4,0.0025134649910234508,0.019634962212282024
2019-02-13,1245.95,-0.008317414836039538,0.019876936058923572
2019-02-14,1224.2,-0.017456559251976422,0.020458848137479477
2019-02-15,1244.45,0.016541414801503063,0.018459103661805084
2019-02-18,1220.1,-0.019566876933585275,0.016157020347114564
2019-02-19,1216.1,-0.003278419801655552,0.01616513842967248
2019-02-20,1234.35,0.015006989556779926,0.01645278751472649
2019-02-21,1246.9,0.010167294527484216,0.016145788705342435
2019-02-22,1232.35,-0.011668938968642406,0.016358584885453997
2019-02-25,1232.3,-4.0572889195455986e-05,0.016079848534178563
2019-02-26,1220.25,-0.00977846303659824,0.015841026673695257
2019-02-27,1223.5,0.0026633886498668158,0.015552524006929897
2019-02-28,1231.05,0.00617082141397618,0.014459795088887194
2019-03-01,1226.05,-0.0040615734535559556,0.013822091679279558
2019-03-05,1237.65,0.009461278088169545,0.011648969358593293
2019-03-06,1264.8,0.02193673494121917,0.012822049345897465
2019-03-07,1270.25,0.0043089816571790784,0.012370958626672073
2019-03-08,1267.1,-0.0024798268057469874,0.011951191197132031
2019-03-11,1304.1,0.029200536658511522,0.013493061471670075
2019-03-12,1331.35,0.02089563683766582,0.01329957042674312
2019-03-13,1347.3,0.011980320727081661,0.013444861321369888
2019-03-14,1341.55,-0.004267794848957118,0.013285739752958117
2019-03-15,1321.65,-0.014833588013864474,0.01307629776292683
2019-03-18,1350.05,0.021488291151212424,0.013371107826102992
2019-03-19,1376.55,0.019628902633235912,0.012557325964138695
2019-03-20,1375.45,-0.0007990991972685046,0.01247155451092273
2019-03-22,1341.75,-0.02450107237631327,0.01404142611708594
2019-03-25,1324.45,-0.012893609092602953,0.014472217954386076
2019-03-26,1367.25,0.032315300690852755,0.015417579535511192
2019-03-27,1349.25,-0.013165112452002248,0.015928586160198377
2019-03-28,1360.0,0.00796738929034646,0.015572034333538902
2019-03-29,1363.25,0.002389705882352988,0.015574825227467991
2019-04-01,1391.85,0.0209792774619475,0.015953918556027825
2019-04-02,1389.7,-0.0015447066853467861,0.0158778170382412
2019-04-03,1375.2,-0.010433906598546483,0.016293926634681096
2019-04-04,1353.05,-0.016106748109365965,0.01648239230288394
2019-04-05,1353.9,0.0006282103396031413,0.01649350529673861
2019-04-08,1329.25,-0.018206662235024762,0.017146653515348362
2019-04-09,1334.45,0.003911980440097773,0.015968835238768193
2019-04-10,1331.4,-0.002285585821874103,0.015296635738064765
2019-04-11,1346.8,0.011566771819137678,0.015280019492047827
2019-04-12,1343.1,-0.0027472527472527375,0.015260956673252219
2019-04-15,1340.15,-0.002196411287320288,0.01486358845225284
2019-04-16,1343.75,0.002686266462709419,0.014059025236543432
2019-04-18,1385.95,0.031404651162790787,0.0151358709617801
2019-04-22,1345.35,-0.029293986074533818,0.01653585658024005
2019-04-23,1363.85,0.013751068495187146,0.01587048525856231
2019-04-24,1389.5,0.018807053561608722,0.015999050233966975
2019-04-25,1372.4,-0.012306585102554779,0.014682708127409728
2019-04-26,1392.8,0.014864470999708335,0.014668501038597974
2019-04-30,1392.8,0.0,0.014597112074908332
2019-05-02,1405.05,0.008795232624928095,0.014692393760183765
2019-05-03,1408.85,0.0027045300878971723,0.013975404485164083
2019-05-06,1384.9,-0.016999680590552457,0.01452261642322492
2019-05-07,1343.5,-0.029893855151996607,0.015845020062116147
2019-05-08,1299.45,-0.03278749534797165,0.017071087234264832
2019-05-09,1256.45,-0.03309092308284278,0.018421967932465696
2019-05-10,1251.15,-0.004218233913008795,0.018099573621464488
2019-05-13,1232.05,-0.01526595532110464,0.018229111537916117
2019-05-14,1260.45,0.023051012540075577,0.019196460381369813
2019-05-15,1256.9,-0.0028164544408743053,0.018906665610667468
2019-05-16,1265.35,0.0067228896491366985,0.019038773386319863
2019-05-17,1267.4,0.001620105109258363,0.019064294428300373
2019-05-20,1325.9,0.046157487770238204,0.021958711991796016
2019-05-21,1339.8,0.01048344520702904,0.02083125406973717
2019-05-22,1340.4,0.0004478280340349805,0.019776509627328007
2019-05-23,1333.9,-0.004849298716800954,0.019531714708285925
2019-05-24,1336.85,0.0022115600869629937,0.018994264711874383
2019-05-27,1310.65,-0.019598309458802254,0.0192752883050285
2019-05-28,1323.75,0.009995040628695717,0.019079176324506352
2019-05-29,1313.05,-0.008083097261567529,0.019111991118541338
2019-05-30,1329.75,0.012718479875099886,0.019256537174849174
2019-05-31,1330.15,0.000300808422635912,0.01922933665980936
2019-06-03,1360.2,0.022591437055970998,0.019711025987714615
2019-06-04,1351.65,-0.006285840317600266,0.018544025069198312
2019-06-06,1327.35,-0.017978026856064977,0.017407168184966577
2019-06-07,1314.9,-0.009379590914227465,0.015669043150919933
2019-06-10,1319.15,0.003232184957030926,0.015592011441458125
2019-06-11,1329.15,0.007580639047871651,0.015028285233903137
2019-06-12,1332.15,0.002257081593499688,0.014337493388011296
2019-06-13,1327.25,-0.0036782644597080916,0.014356753977583044
2019-06-14,1317.55,-0.007308344320964388,0.01449829706251182
2019-06-17,1282.3,-0.02675420287655117,0.015873059930067854
2019-06-18,1281.0,-0.0010138033221555043,0.011726514757987656
2019-06-19,1277.35,-0.002849336455893914,0.011373779993888757
2019-06-20,1296.75,0.0151876932712256,0.012021807572298185
2019-06-21,1279.5,-0.01330248698669756,0.012288252044323208
2019-06-24,1262.4,-0.013364595545134694,0.012498555733102466
2019-06-25,1295.85,0.026497148288973316,0.01344918555874175
2019-06-26,1294.15,-0.00131188023305151,0.013221319616274905
2019-06-27,1274.15,-0.01545415910056791,0.01352697606990607
2019-06-28,1253.1,-0.016520817800102172,0.013499010043287555
2019-07-01,1268.85,0.0125688293033277,0.013923115469482408
2019-07-02,1278.5,0.007605311896599298,0.012879158229160052
2019-07-03,1282.55,0.0031677747360188135,0.0129261370218518
2019-07-04,1284.0,0.0011305602120774694,0.012421405110655134
2019-07-05,1263.35,-0.01608255451713403,0.012729379342719616
2019-07-08,1252.05,-0.00894447302806023,0.012761111632233514
2019-07-09,1280.1,0.022403258655804503,0.01376975192664084
2019-07-10,1278.85,-0.0009764862120147377,0.013738700654878606
2019-07-11,1281.55,0.0021112718457989565,0.01376134477840707
2019-07-12,1280.5,-0.0008193203542584682,0.013697526662481406
2019-07-15,1276.1,-0.003436157750878688,0.012345821473913495
2019-07-16,1293.0,0.013243476216597605,0.012701054058226335
2019-07-17,1281.85,-0.00862335653518953,0.012846998175884097
2019-07-18,1261.85,-0.015602449584584788,0.012808034212322655
2019-07-19,1249.0,-0.010183460791694632,0.012672283735123937
2019-07-22,1280.5,0.025220176140912764,0.013613703221030728
2019-07-23,1273.55,-0.005427567356501406,0.01224483102852114
2019-07-24,1259.1,-0.011346236896863093,0.012470547905781974
2019-07-25,1231.5,-0.02192041934715261,0.012932149500655254
2019-07-26,1213.8,-0.014372716199756441,0.012810240593961597
2019-07-29,1210.95,-0.00234799802273844,0.012373954247098168
2019-07-30,1180.9,-0.02481522771377842,0.013114947374148856
2019-07-31,1166.25,-0.012405792192395682,0.013136714593883866
2019-08-01,1180.25,0.012004287245444889,0.013605616485161306
2019-08-02,1184.35,0.0034738402880745145,0.01340155378640534
2019-08-05,1143.35,-0.03461814497403637,0.01510793625776438
2019-08-06,1128.3,-0.013163073424585559,0.013822773272847094
2019-08-07,1109.4,-0.01675086413187965,0.013958392679372437
2019-08-08,1152.35,0.038714620515593934,0.017230500109091534
2019-08-09,1162.1,0.008460971059140121,0.017476712013149383
2019-08-13,1274.75,0.09693658032871544,0.02867870445102522
2019-08-14,1288.25,0.010590311825848131,0.028621877103187428
2019-08-16,1278.0,-0.007956530176596144,0.02861145522449074
2019-08-19,1292.6,0.011424100156494532,0.02846244820031308
2019-08-20,1275.95,-0.01288101500850991,0.02852742343636938
2019-08-21,1270.95,-0.003918648849876583,0.027988047165519957
2019-08-22,1246.75,-0.019040874936071428,0.02829048589012594
2019-08-23,1275.85,0.02334068578303583,0.0286640250765675
2019-08-26,1266.8,-0.007093310342124792,0.028227409345324774
2019-08-27,1274.85,0.0063545942532363675,0.027982626842793356
2019-08-28,1263.3,-0.009059889398752796,0.028087860632912288
2019-08-29,1241.75,-0.017058497585688226,0.02774256476410986
2019-08-30,1248.55,0.005476142540769002,0.027511610453273615
2019-09-03,1206.4,-0.033759160626326445,0.028668753801307397
2019-09-04,1201.15,-0.004351790450928372,0.028693409757226902
2019-09-05,1198.6,-0.0021229654914042273,0.027458943472851625
2019-09-06,1222.5,0.01993992991823812,0.02744966452637532
2019-09-09,1222.2,-0.00024539877300611135,0.02702634572041285
2019-09-11,1234.4,0.009981999672721287,0.025890137038568135
2019-09-12,1210.35,-0.019483149708360514,0.0263721096525874
2019-09-13,1225.6,0.012599661255008776,0.014541574479073035
2019-09-16,1210.75,-0.012116514360313246,0.014403857889146878
2019-09-17,1197.45,-0.010984926698327402,0.014474466660825358
2019-09-18,1205.7,0.0068896404860328,0.014268212511398804
2019-09-19,1179.05,-0.022103342456664232,0.014732990043412358
2019-09-20,1254.35,0.06386497604003227,0.021123803017860498
2019-09-23,1239.2,-0.012077968669031658,0.020856945811224645
2019-09-24,1278.7,0.03187540348612017,0.021440932465529545
2019-09-25,1279.55,0.0006647376241495362,0.021369694615988123
2019-09-26,1296.8,0.013481302020241559,0.021527532958063745
2019-09-27,1309.05,0.009446329426280098,0.021466821649570495
2019-09-30,1332.25,0.01772277605897421,0.021249702728268944
2019-10-01,1304.9,-0.020529179958716393,0.02192252679046397
2019-10-03,1311.05,0.004713004827956002,0.020199716648455306
2019-10-04,1308.1,-0.0022501048777697763,0.020157442528216902
2019-10-07,1310.1,0.001528935096705153,0.020111128112291685
2019-10-09,1324.75,0.01118235249217614,0.019854305119316802
2019-10-10,1362.75,0.028684657482543896,0.020554293001271484
2019-10-11,1352.6,-0.007448174646853878,0.02072992188087799
2019-10-14,1358.0,0.003992311104539459,0.01993289649741492
2019-10-15,1364.15,0.00452871870397642,0.019872940604742713
2019-10-16,1372.35,0.006011069163948113,0.019433151652800653
2019-10-17,1396.5,0.017597551644988663,0.01913139243685303
2019-10-18,1416.35,0.014214106695309647,0.019181299672981947
2019-10-22,1414.15,-0.001553288382108775,0.01798242171064934
2019-10-23,1392.4,-0.01538026376268431,0.013492675019480958
2019-10-24,1436.45,0.031636024130996754,0.014054916293487218
2019-10-25,1431.2,-0.0036548435378885857,0.013019910451601514
2019-10-27,1434.25,0.002131078814980425,0.012993992325620157
2019-10-29,1467.05,0.02286909534599957,0.013447611688260025
2019-10-30,1479.1,0.008213762312123007,0.013435117613438751
2019-10-31,1464.35,-0.009972280440808556,0.01361219123933933
2019-11-01,1456.9,-0.005087581520811124,0.012490045508425458
2019-11-04,1457.65,0.0005147916809664643,0.012540872998006165
2019-11-05,1447.3,-0.007100469934483655,0.0127416439873838
2019-11-06,1434.9,-0.008567677744765967,0.013087785567058498
2019-11-07,1458.6,0.016516830441145602,0.013281052087915537
2019-11-08,1445.5,-0.008981214863567732,0.012371296515715259
2019-11-11,1427.8,-0.01224489795918371,0.012628815690795662
2019-11-13,1472.3,0.03116683008824772,0.014137384863741206
2019-11-14,1462.75,-0.00648644977246482,0.0143347464548545
2019-11-15,1470.85,0.005537514954708556,0.014330931188000308
2019-11-18,1459.2,-0.00792059013495594,0.014150988032353724
2019-11-19,1509.75,0.034642269736842035,0.015708320312716892
2019-11-20,1547.65,0.025103493955953127,0.016389729115491747
2019-11-21,1537.6,-0.006493716279520667,0.01593229257406186
2019-11-22,1546.5,0.00578824141519263,0.014663539679457922
2019-11-25,1561.55,0.009731652117685119,0.014610834064626614
2019-11-26,1560.25,-0.0008325061637475262,0.014650755674003098
2019-11-27,1569.85,0.0061528601185707466,0.013999176957549049
2019-11-28,1580.3,0.006656686944612522,0.013975799299695488
2019-11-29,1551.15,-0.018445864709232374,0.014520539148470396
2019-12-02,1586.5,0.022789543242110577,0.015034015053450589
2019-12-03,1578.9,-0.004790419161676551,0.01515207385246352
2019-12-04,1552.7,-0.016593831148267846,0.01566190532047222
2019-12-05,1550.85,-0.0011914729181426997,0.015444737058898508
2019-12-06,1554.9,0.0026114711287359427,0.015162268128697164
2019-12-09,1572.6,0.011383368705382813,0.014976057103424159
2019-12-10,1561.95,-0.006772224341854205,0.014704846456594936
2019-12-11,1562.4,0.00028810141169688386,0.013325189251792824
2019-12-12,1568.2,0.003712237583205269,0.013134497477141719
2019-12-13,1582.9,0.009373804361688665,0.013192659833510277
2019-12-16,1566.6,-0.0102975551203488,0.01331357385961568
2019-12-17,1562.7,-0.002489467636920595,0.011181104860050408
2019-12-18,1575.85,0.008414922889870002,0.00989837115934928
2019-12-19,1609.95,0.02163911539803931,0.010747452031158742
2019-12-20,1599.1,-0.006739339731047678,0.010900882488041509
2019-12-23,1571.4,-0.017322243762116107,0.011516862609247377
2019-12-24,1546.45,-0.015877561410207464,0.012077742366964005
2019-12-26,1515.4,-0.02007824371948652,0.012737785191163978
2019-12-27,1542.35,0.017784083410320672,0.013349699421780135
2019-12-30,1544.2,0.0011994683437612785,0.012716273059934242
2019-12-31,1514.05,-0.019524672969822632,0.012209108400023724
2020-01-01,1509.6,-0.0029391367524190803,0.012195952990766305
2020-01-02,1535.3,0.017024377318495043,0.012418188281165074
2020-01-03,1537.15,0.0012049762261447938,0.01242262487560737
2020-01-06,1501.5,-0.02319227141137825,0.013398299485929936
2020-01-07,1524.6,0.01538461538461533,0.013631168630379394
2020-01-08,1513.15,-0.0075101666010756185,0.013647292866774916
2020-01-09,1548.0,0.023031424511779974,0.014710055292246595
2020-01-10,1547.65,-0.00022609819121444108,0.014678999410622492
2020-01-13,1543.7,-0.0025522566471747332,0.014495436875323488
2020-01-14,1529.4,-0.009263457925762775,0.014462910657588913
2020-01-15,1523.85,-0.003628874068262178,0.014470907187924384
2020-01-16,1537.9,0.009220067591954706,0.014500032443498416
2020-01-17,1581.0,0.02802522920866113,0.015086023886849018
2020-01-20,1532.35,-0.030771663504111424,0.0164770483345489
2020-01-21,1533.9,0.0010115182562731029,0.016085108844663545
2020-01-22,1533.35,-0.00035856313970938913,0.01570369807672894
2020-01-23,1526.85,-0.004239084357778755,0.015039531957744625
2020-01-24,1521.55,-0.0034711988734976718,0.014493779496871442
2020-01-27,1506.55,-0.009858368111465232,0.014632620108650548
2020-01-28,1471.75,-0.023099133782483072,0.014888684945958854
2020-01-29,1479.85,0.005503652114829283,0.014959595393433545
2020-01-30,1443.75,-0.02439436429367836,0.015214084252336758
2020-01-31,1411.65,-0.02223376623376616,0.015769054637878806
2020-02-01,1383.35,-0.020047462189636378,0.015583572114029423
2020-02-03,1385.5,0.0015541981421911544,0.014974277021336337
2020-02-04,1426.4,0.029520028870444026,0.01678398503302974
2020-02-05,1448.5,0.015493550196298278,0.016249180941594183
2020-02-06,1457.8,0.0064204349326890675,0.016380442985087073
2020-02-07,1433.65,-0.01656605844423098,0.016663928989805024
2020-02-10,1435.6,0.001360164614794268,0.016641833548137648
2020-02-11,1452.75,0.011946224575090536,0.016973351469568493
2020-02-12,1470.3,0.012080536912751683,0.017086755194980496
2020-02-13,1474.15,0.002618513228592967,0.015609260694263055
2020-02-14,1487.6,0.009123901909574794,0.014428621012399416
2020-02-17,1478.25,-0.006285291745092736,0.014457144651122397
2020-02-18,1467.4,-0.007339759851175298,0.014506063112430216
2020-02-19,1503.8,0.02480577892871727,0.015686072697902037
2020-02-20,1485.95,-0.011869929511903132,0.01587702061670019
2020-02-24,1444.95,-0.027591776304720872,0.01685885210923542
2020-02-25,1416.4,-0.019758469151181624,0.016653583291539424
2020-02-26,1392.0,-0.017226772098277388,0.016903871128402477
2020-02-27,1386.25,-0.004130747126436796,0.01613894208513049
2020-02-28,1328.65,-0.04155094679891791,0.017901303526667696
2020-03-02,1316.15,-0.009408045760734618,0.017518027337044675
2020-03-03,1342.85,0.02028644151502479,0.018223753940792044
2020-03-04,1339.7,-0.0023457571582826686,0.016707772636912404
2020-03-05,1311.15,-0.021310741210718742,0.01659044727532375
2020-03-06,1271.0,-0.03062197307706982,0.01731919433599608
2020-03-09,1114.15,-0.12340676632572767,0.031333367887990744
2020-03-11,1153.55,0.03536328142530176,0.03297760113525773
2020-03-12,1063.0,-0.0784968141823068,0.03583897239264209
2020-03-13,1105.3,0.03979303857008465,0.037435275141073074
2020-03-16,1015.7,-0.08106396453451548,0.04012280969128122
2020-03-17,1008.0,-0.007580978635423841,0.03970780714691699
2020-03-18,968.5,-0.03918650793650791,0.03985694935638216
2020-03-19,917.7,-0.05245224574083629,0.040368138509779015
2020-03-20,1017.95,0.10924049253568713,0.04904586479498615
2020-03-23,884.05,-0.13153887715506662,0.05515632612971057
2020-03-24,943.4,0.06713421186584467,0.058792402101628255
2020-03-25,1082.25,0.14718041127835502,0.06959818355783967
2020-03-26,1066.2,-0.014830214830214739,0.0695890810188744
2020-03-27,1065.6,-0.0005627462014632378,0.06961204292811692
2020-03-30,1030.45,-0.03298611111111094,0.0694388332152789
2020-03-31,1113.75,0.08083846863021016,0.07237280937202108
2020-04-01,1080.45,-0.02989898989898987,0.07228970600353722
2020-04-03,1077.45,-0.0027766208524225844,0.07228789086252849
2020-04-07,1206.1,0.11940229244976552,0.07761246725510568
2020-04-08,1192.15,-0.011566205123953122,0.0773503736669889
2020-04-09,1219.95,0.023319213186260068,0.07182770228541495
2020-04-13,1189.15,-0.025246936349850313,0.07184515979348215
2020-04-15,1149.85,-0.033048816381449075,0.06979000091626278
2020-04-16,1168.05,0.015828151498021414,0.0693875987707173
2020-04-17,1224.0,0.04790034673173249,0.06691603193290073
2020-04-20,1243.8,0.016176470588235237,0.0667709722196244
2020-04-21,1237.35,-0.005185721177038194,0.06580770669201474
2020-04-22,1363.6,0.10203256960439644,0.0666159378472427
2020-04-23,1370.9,0.005353476092695875,0.0634355124032307
2020-04-24,1417.0,0.0336275439492304,0.052987977459320164
2020-04-27,1429.75,0.00899788285109393,0.05215070113254953
2020-04-28,1428.15,-0.0011190767616715558,0.04322918048357851
2020-04-29,1426.95,-0.0008402478731226459,0.04283567371663228
2020-04-30,1466.0,0.027366060478643206,0.04273917867168515
2020-05-04,1435.2,-0.021009549795361515,0.042082150464447306
2020-05-05,1460.65,0.017732720178372352,0.0393615927527077
2020-05-06,1460.75,6.846267072879719e-05,0.03813985202836046
2020-05-07,1506.95,0.031627588567516796,0.038031202852339095
2020-05-08,1561.8,0.03639802249576962,0.03001876895257522
2020-05-11,1576.8,0.009604302727622027,0.029459354307359506
2020-05-12,1479.25,-0.06186580416032472,0.03393243592282642
2020-05-13,1496.45,0.011627513942876533,0.03288968373748716
2020-05-14,1435.95,-0.04042901533629595,0.03345894242857972
2020-05-15,1459.4,0.016330652181482774,0.03346239827033596
2020-05-18,1440.75,-0.012779224338769435,0.03275263640799047
2020-05-19,1408.9,-0.022106541731736873,0.0334040196895372
2020-05-20,1433.7,0.01760238483923615,0.03336331617447692
2020-05-21,1441.25,0.0052660947199554275,0.02495157613336751
2020-05-22,1431.55,-0.006730268863833544,0.02503958590345932
2020-05-26,1424.05,-0.005239076525444419,0.023979842904074376
2020-05-27,1445.55,0.015097784487904109,0.024131589425008933
2020-05-28,1472.25,0.018470478364636334,0.024443848810724454
2020-05-29,1464.4,-0.005331974868398648,0.024490067715638265
2020-06-01,1520.35,0.03820677410543549,0.02520037537515178
2020-06-02,1535.7,0.010096359390929788,0.024651195356846498
2020-06-03,1541.65,0.00387445464608982,0.024429241501529378
2020-06-04,1579.8,0.024746213472577994,0.024892763763276125
2020-06-05,1581.7,0.0012026838840359932,0.02404512380937399
2020-06-08,1569.5,-0.007713219953214945,0.022781530364881928
2020-06-09,1537.15,-0.02061165976425605,0.023144759817837906
2020-06-10,1572.15,0.022769410922811595,0.018753970033831946
2020-06-11,1537.7,-0.02191266736634545,0.019449077431870004
2020-06-12,1588.8,0.033231449567535876,0.018003875523696058
2020-06-15,1614.55,0.016207200402819755,0.017999887759656403
2020-06-16,1617.7,0.0019510080208107183,0.01751971378368977
2020-06-17,1615.35,-0.0014526797304816874,0.016348200093674912
2020-06-18,1655.9,0.025102918872071278,0.016687063124482333
2020-06-19,1759.4,0.06250377438251098,0.020727769566362707
2020-06-22,1746.15,-0.007530976469250827,0.020762982253477662
2020-06-23,1720.9,-0.014460384273974225,0.021220817907201504
2020-06-24,1727.85,0.004038584461618866,0.021217462622316226
2020-06-25,1717.9,-0.0057586017304741555,0.021349739099672183
2020-06-26,1741.65,0.013825018918447007,0.021150920526266288
2020-06-29,1723.15,-0.01062211121637524,0.020396621882370704
2020-06-30,1704.1,-0.011055334706787101,0.020744336212306667
2020-07-01,1737.6,0.019658470747021983,0.02098146206785637
2020-07-02,1760.35,0.013092771639042322,0.020597790098170823
2020-07-03,1787.9,0.015650296815974185,0.02068774468144588
2020-07-06,1851.8,0.03574025392919067,0.021402966278700357
2020-07-07,1823.45,-0.015309428664002533,0.021053131240448164
2020-07-08,1798.0,-0.013957059420329654,0.021368366014570605
2020-07-09,1824.25,0.014599555061179048,0.02030627229045089
2020-07-10,1878.05,0.029491571878854206,0.020085201873067123
2020-07-13,1935.0,0.030324006283112936,0.02060836906416216
2020-07-14,1917.0,-0.009302325581395321,0.02096979048637381
2020-07-15,1844.0,-0.038080333854981774,0.023368075253735087
2020-07-16,1843.4,-0.00032537960954437395,0.023014499287728658
2020-07-17,1911.7,0.03705110122599531,0.0202403274369477
2020-07-20,1919.9,0.004289375948109075,0.020046687473749047
2020-07-21,1971.55,0.0269024428355642,0.020072999989994574
2020-07-22,2004.0,0.01645913114047315,0.020168055564490327
2020-07-23,2057.8,0.02684630738522964,0.020345537798006758
2020-07-24,2146.15,0.0429342015744969,0.02168603051602378
2020-07-27,2156.2,0.004682804091046711,0.02115688712497278
2020-07-28,2177.7,0.009971245710045373,0.02048979002811617
2020-07-29,2096.65,-0.03721816595490646,0.023215004933315186
2020-07-30,2108.85,0.005818806190828196,0.0232159033588686
2020-07-31,2067.1,-0.01979751997534196,0.024046131211492128
2020-08-03,2009.0,-0.0281070098205215,0.024343798856217617
2020-08-04,2150.6,0.07048282727725241,0.027981655205149863
2020-08-05,2126.45,-0.01122942434669394,0.02787208565927697
2020-08-06,2134.1,0.003597545204448771,0.027859951453234864
2020-08-07,2146.45,0.0057869828030550075,0.027408827593948682
2020-08-10,2119.85,-0.012392555149199791,0.027163347138158905
2020-08-11,2133.8,0.0065806542915773925,0.026957098919269607
2020-08-12,2127.6,-0.0029056143968507753,0.025027988893001285
2020-08-13,2122.05,-0.0026085730400450258,0.025070594761822617
2020-08-14,2113.8,-0.0038877500530147824,0.024173804517142624
2020-08-17,2091.35,-0.010620683129908381,0.024435437689502754
2020-08-18,2118.55,0.013005953092500189,0.023959778094575616
2020-08-19,2131.55,0.006136272450496749,0.0237848571836919
2020-08-20,2097.05,-0.01618540498698129,0.023492402710979375
2020-08-21,2081.85,-0.007248277341980525,0.021386058222843608
2020-08-24,2095.75,0.0066767538487404465,0.02142007125557934
2020-08-25,2082.1,-0.006513181438625781,0.021284017572143706
2020-08-26,2137.3,0.02651169492339478,0.020494808084606894
2020-08-27,2110.6,-0.01249239694942228,0.020683637185814785
2020-08-28,2116.15,0.002629584004548491,0.020140983384449283
2020-08-31,2080.7,-0.016752120596366216,0.019413509725058793
2020-09-01,2087.25,0.0031479790455135603,0.010848018214185436
2020-09-02,2128.2,0.019619116061803776,0.01155277800002125
2020-09-03,2112.1,-0.007565078470068598,0.011644409733276977
2020-09-04,2077.25,-0.016500165711850756,0.012074231975618153
2020-09-07,2082.65,0.002599590805151042,0.011829756776616513
2020-09-08,2107.1,0.011739850671020013,0.01205372716869764
2020-09-09,2161.35,0.02574628636514631,0.013389041737146756
2020-09-10,2314.0,0.07062715432484334,0.020508740041189553
2020-09-11,2319.75,0.002484874675885873,0.020420327257001276
2020-09-14,2302.55,-0.007414592089664773,0.020304723907669825
2020-09-15,2318.85,0.007079107945538565,0.020225018320061457
2020-09-16,2324.55,0.0024581150139078023,0.02022814997362662
2020-09-17,2298.75,-0.011098922372072106,0.019984467262244156
2020-09-18,2305.7,0.0030233822729743842,0.019789938370657564
2020-09-21,2255.85,-0.02162033222015003,0.020677961869818434
2020-09-22,2211.15,-0.019815147283728907,0.02123641975284238
2020-09-23,2230.8,0.008886778373244697,0.02057440471791369
2020-09-24,2181.2,-0.02223417608033007,0.021053746984121016
2020-09-25,2201.7,0.009398496240601517,0.02112120183197386
2020-09-28,2216.25,0.006608529772448746,0.02065940313794208
2020-09-29,2245.05,0.012994923857868157,0.020771153095633065
2020-09-30,2234.35,-0.004766040845415542,0.02051091872069897
2020-10-01,2225.25,-0.004072772842213523,0.020434264670920944
2020-10-05,2212.2,-0.005864509605662316,0.020039976978304966
2020-10-06,2210.35,-0.0008362715848476698,0.02006135603231359
2020-10-07,2257.5,0.021331463342909585,0.02038907184261907
2020-10-08,2239.25,-0.008084163898117391,0.019855408282845197
2020-10-09,2233.45,-0.002590152952997693,0.011532925854650104
2020-10-12,2237.05,0.0016118560970697082,0.011517869025606725
2020-10-13,2280.7,0.01951230415055516,0.01236361777164445
2020-10-14,2287.5,0.00298154075503132,0.012266660707884238
2020-10-15,2206.5,-0.035409836065573796,0.014489485843100463
2020-10-16,2175.8,-0.013913437570813425,0.01459068863070325
2020-10-19,2176.2,0.00018384042650954058,0.014546398323627176
2020-10-20,2155.9,-0.009328186747541434,0.013956401164051007
2020-10-21,2124.6,-0.014518298622385184,0.013650854205088585
2020-10-22,2106.95,-0.00830744610750267,0.013475715793743794
2020-10-23,2113.05,0.0028951802368353263,0.012714939158929562
2020-10-26,2029.1,-0.03972930124701268,0.015031369453725853
2020-10-27,2034.5,0.002661278399290312,0.014910660212836602
2020-10-28,2011.45,-0.011329565003686426,0.014421545196064266
2020-10-29,2026.9,0.007681026125431867,0.014714960396366095
2020-10-30,2054.5,0.013616853322808264,0.015279035467789998
2020-11-02,1877.45,-0.08617668532489653,0.023933187641569383
2020-11-03,1850.4,-0.014407840421848728,0.0239151353719317
2020-11-04,1913.2,0.03393860786856884,0.02489089468656027
2020-11-05,1955.0,0.021848212418983826,0.025765984775817322
2020-11-06,2029.15,0.037928388746803154,0.027611398877131595
2020-11-09,2050.7,0.010620210432939814,0.027787767066780322
2020-11-10,2084.55,0.016506558736041566,0.02766196632169811
2020-11-11,1997.2,-0.04190352833944977,0.02885131231723492
2020-11-12,1980.0,-0.008612056879631513,0.02804196930828651
2020-11-13,1996.4,0.008282828282828225,0.028110503440183496
2020-11-14,2002.3,0.0029553195752354267,0.028138550835769594
2020-11-17,1993.25,-0.004519802227438419,0.02810907812741716
2020-11-18,1987.2,-0.00303524394832555,0.02798981004407227
2020-11-19,1973.15,-0.007070249597423528,0.027978721538099566
2020-11-20,1899.5,-0.03732610293186023,0.028968819240363583
2020-11-23,1950.7,0.026954461700447574,0.028584520688244287
2020-11-24,1964.05,0.006843697134361948,0.02863235958095943
2020-11-25,1947.8,-0.008273720119141625,0.028584473314739206
2020-11-26,1952.6,0.002464318718554237,0.028522831409499978
2020-11-27,1929.8,-0.01167673870736452,0.02837915188766322
2020-12-01,1954.9,0.013006529174007797,0.020641248090836863
2020-12-02,1958.15,0.0016624891298788746,0.02026907843109012
2020-12-03,1964.05,0.0030130480300283313,0.01892185592550967
2020-12-04,1946.75,-0.00880832972683987,0.018420384642809755
2020-12-07,1958.2,0.005881597534352245,0.01620333873497416
2020-12-08,1993.75,0.01815442753549168,0.016586711161461713
2020-12-09,2026.95,0.01665203761755496,0.016594949376880535
2020-12-10,2007.0,-0.009842374010212374,0.013771282905254005
2020-12-11,2005.8,-0.0005979073243647104,0.01361292084783287
2020-12-14,1991.3,-0.007229035796191052,0.013602200656535555
2020-12-15,1974.35,-0.008512027318836934,0.013710570939264633
2020-12-16,1976.55,0.0011142907792438539,0.01368392839127445
2020-12-17,1985.6,0.004578685082593292,0.013710628193588653
2020-12-18,1991.55,0.0029965753424656683,0.013619980414720486
2020-12-21,1939.7,-0.026034997865983733,0.012118491323196263
2020-12-22,1936.7,-0.001546630922307557,0.010486140534941495
2020-12-23,1943.85,0.0036918469561624256,0.010396307262537109
2020-12-24,1994.15,0.02587648223885597,0.011761191428901354
2020-12-28,2003.3,0.004588421131810572,0.011782379401857678
2020-12-29,1990.05,-0.006614086756851156,0.011539702771208353
2020-12-30,1995.5,0.0027386246576719397,0.011229842756768832
2020-12-31,1985.3,-0.005111500876973207,0.011313451586873857
2021-01-01,1987.5,0.0011081448647560777,0.011301404035720585
2021-01-04,1990.85,0.001685534591195026,0.01108040185010049
2021-01-05,1966.1,-0.01243187583193106,0.011422737445303583
2021-01-06,1914.25,-0.02637200549310814,0.012072828331593446
2021-01-07,1911.15,-0.0016194331983805377,0.01125356852875394
2021-01-08,1933.7,0.011799178505088603,0.01158414220829554
2021-01-11,1897.25,-0.018849873299891406,0.012188106239314043
2021-01-12,1957.05,0.03151930425616012,0.014324036505850131
2021-01-13,1938.8,-0.00932525995758926,0.014348304891404352
2021-01-14,1960.6,0.011244068495976922,0.01459646487742857
2021-01-15,1937.45,-0.011807609915331918,0.014766868704216158
2021-01-18,1983.95,0.02400061937082243,0.015786945587644898
2021-01-19,2016.4,0.01635625897830084,0.01494089073007528
2021-01-20,2054.7,0.01899424717317988,0.015380426443850846
2021-01-21,2099.4,0.02175500073003378,0.01593885209033654
2021-01-22,2049.6,-0.023721063160903166,0.016208289137274946
2021-01-25,1941.0,-0.05298594847775173,0.02024135872057427
2021-01-27,1895.0,-0.02369912416280273,0.020825879396146385
2021-01-28,1876.55,-0.009736147757255953,0.020855831879450115
2021-01-29,1841.95,-0.01843809117795947,0.02114247391764397
2021-02-01,1895.3,0.028963869811884146,0.02234703617162907
2021-02-02,1925.8,0.016092439191684793,0.022705934768223978
2021-02-03,1930.65,0.00251843389760098,0.022569771495490085
2021-02-04,1924.3,-0.0032890477300391296,0.021761768958122343
2021-02-05,1923.75,-0.00028581821961226606,0.021757012411622454
2021-02-08,1951.45,0.01439896036387256,0.021835351013945577
2021-02-09,1956.15,0.002408465500012724,0.021346293454576278
2021-02-10,1974.3,0.009278429568284619,0.02026569896894958
2021-02-11,2055.7,0.041229802968140605,0.02203358488868994
2021-02-12,2041.6,-0.006858977477258277,0.022056006310972962
2021-02-15,2032.6,-0.004408307210031381,0.021868904603183248
2021-02-16,2059.5,0.013234281216176313,0.021443505332732614
2021-02-17,2083.25,0.01153192522456914,0.021301245691801644
2021-02-18,2067.7,-0.007464298571942973,0.02099987769557842
2021-02-19,2080.3,0.006093727329883558,0.02045145115933716
2021-02-22,2008.1,-0.03470653271162827,0.021246861204766834
2021-02-23,2023.45,0.007644041631392984,0.017384235719333126
2021-02-24,2061.0,0.01855741431713165,0.016618623402112582
2021-02-25,2144.35,0.04044153323629307,0.018103307045039395
2021-02-26,2085.8,-0.027304311329773512,0.018848303743273846
2021-03-01,2101.7,0.007622974398312277,0.01809284612563211
2021-03-02,2106.0,0.002045962792025513,0.017925210097202906
2021-03-03,2202.1,0.04563152896486233,0.020115845370022867
2021-03-04,2175.85,-0.011920439580400566,0.020433547336256356
2021-03-05,2178.7,0.0013098329388514518,0.02040933995380468
2021-03-08,2191.1,0.00569146738880999,0.020323277586484882
2021-03-09,2191.05,-2.2819588334499485e-05,0.020353158983679488
2021-03-10,2181.95,-0.004153259852582303,0.02045650530846847
2021-03-12,2137.6,-0.020325855312908092,0.019352784255392982
2021-03-15,2108.9,-0.01342627245508976,0.01956788525569532
2021-03-16,2100.6,-0.00393570107639063,0.01956027274058495
2021-03-17,2055.35,-0.02154146434352089,0.020032855435208923
2021-03-18,2009.1,-0.022502250225022502,0.020450791440732554
2021-03-19,2082.0,0.036284903688218684,0.022067834383471364
2021-03-22,2062.4,-0.009414024975984536,0.02213602999517043
2021-03-23,2087.5,0.012170287044220185,0.020727090253851683
2021-03-24,2047.3,-0.01925748502994018,0.021218351631630047
2021-03-25,1991.45,-0.027279831973819113,0.02166980568956631
2021-03-26,1994.65,0.0016068693665420852,0.019327684927834834
2021-03-30,2029.3,0.017371468678715418,0.01900288952357406
2021-03-31,2003.1,-0.012910855960183376,0.01905561553135561
2021-04-01,2021.85,0.009360491238580293,0.019211533760415733
2021-04-05,1992.6,-0.014466948586690398,0.015786561485746343
2021-04-06,1984.3,-0.004165412024490611,0.015699222433238805
2021-04-07,2002.85,0.009348384820843547,0.0159560626589211
2021-04-08,2005.35,0.001248221284669393,0.01584340822961651
2021-04-09,1982.05,-0.01161891939063009,0.015890734696828845
2021-04-12,1911.15,-0.035771045130042034,0.017322807648789143
2021-04-13,1931.8,0.01080501268869516,0.017409850512396186
2021-04-15,1944.3,0.006470649135521311,0.017465670294137762
2021-04-16,1932.1,-0.00627475183870807,0.017473681743717148
2021-04-19,1901.7,-0.0157341752497282,0.017213634230756055
2021-04-20,1901.15,-0.00028921491297262403,0.01664637309335242
2021-04-22,1906.4,0.002761486468716212,0.01399947510429453
2021-04-23,1904.35,-0.001075325220310619,0.013963340205751162
2021-04-26,1937.85,0.017591304119515927,0.014338966311866761
2021-04-27,1988.65,0.026214619294579133,0.015300766728291752
2021-04-28,1997.3,0.004349684459306502,0.014063123327459608
2021-04-29,2024.05,0.013393080658889556,0.014367033509769537
2021-04-30,1994.5,-0.014599441713396333,0.014207460433594984
